<?xml version='1.0' encoding='UTF-8' ?>
<ftswdata>
<key name="!"> 54,24,7,42,57,66, </key>
<key name="%"> 24, </key>
<key name="&amp;"> 3,4,66, </key>
<key name="*"> 29,28,23, </key>
<key name="-"> 29,41,48,28,60,61,15,13,11,16,14,42,43,5,8,57,19,65,66, </key>
<key name="0"> 68, </key>
<key name="0.5"> 68, </key>
<key name="01"> 28,42,19, </key>
<key name="1"> 48,30,46,68,52,51,7,0, </key>
<key name="10"> 48,68,5,47, </key>
<key name="100"> 59, </key>
<key name="101"> 60, </key>
<key name="102"> 61, </key>
<key name="103"> 62, </key>
<key name="104"> 63, </key>
<key name="105"> 65, </key>
<key name="106"> 65, </key>
<key name="107"> 66, </key>
<key name="108hov"> 66, </key>
<key name="109"> 66, </key>
<key name="109drill"> 66, </key>
<key name="11"> 5, </key>
<key name="110"> 66, </key>
<key name="111"> 66, </key>
<key name="12"> 5, </key>
<key name="125"> 68, </key>
<key name="13"> 68,5, </key>
<key name="14"> 68,6, </key>
<key name="15"> 6, </key>
<key name="16"> 6, </key>
<key name="17"> 6, </key>
<key name="18"> 7, </key>
<key name="19"> 7, </key>
<key name="2"> 29,30,46,68,27,0,32,38,39,65,66, </key>
<key name="2.5"> 68, </key>
<key name="20"> 7, </key>
<key name="2000"> 28, </key>
<key name="2010"> 42, </key>
<key name="2011"> 19, </key>
<key name="21"> 7, </key>
<key name="22"> 8, </key>
<key name="23"> 8, </key>
<key name="24"> 8, </key>
<key name="25"> 8, </key>
<key name="26"> 9, </key>
<key name="27"> 11, </key>
<key name="28"> 68,54,12, </key>
<key name="29"> 12, </key>
<key name="3"> 30,68,0,65, </key>
<key name="30"> 68,12, </key>
<key name="31"> 13, </key>
<key name="32"> 14, </key>
<key name="322b1"> 7, </key>
<key name="33"> 14, </key>
<key name="34"> 14,23, </key>
<key name="35"> 15, </key>
<key name="36"> 15, </key>
<key name="37"> 17, </key>
<key name="38"> 18, </key>
<key name="39"> 19, </key>
<key name="4"> 1,30,68,6, </key>
<key name="4.3"> 69, </key>
<key name="40"> 20, </key>
<key name="41"> 21, </key>
<key name="42"> 54,23, </key>
<key name="43"> 24, </key>
<key name="44"> 54,24, </key>
<key name="45"> 25, </key>
<key name="46"> 26, </key>
<key name="47"> 26, </key>
<key name="48"> 27, </key>
<key name="49"> 27, </key>
<key name="5"> 68,2,65, </key>
<key name="5,210"> 28, </key>
<key name="5,210.10"> 28, </key>
<key name="50"> 28, </key>
<key name="51"> 28, </key>
<key name="52"> 28, </key>
<key name="53"> 29, </key>
<key name="54"> 29, </key>
<key name="55"> 30, </key>
<key name="56"> 30, </key>
<key name="57"> 30, </key>
<key name="58"> 30, </key>
<key name="59"> 30, </key>
<key name="6"> 26,68,3,16,25,57,20, </key>
<key name="60"> 30,54, </key>
<key name="61"> 54,50,31, </key>
<key name="62"> 54,32, </key>
<key name="63"> 52,51,32,57, </key>
<key name="64"> 34,54,53, </key>
<key name="65"> 34, </key>
<key name="66"> 35, </key>
<key name="67"> 36,57, </key>
<key name="68"> 37, </key>
<key name="69"> 38, </key>
<key name="7"> 68,54,3, </key>
<key name="70"> 41, </key>
<key name="71"> 41, </key>
<key name="72"> 41, </key>
<key name="73"> 42, </key>
<key name="74"> 42, </key>
<key name="75"> 43, </key>
<key name="76"> 45, </key>
<key name="77"> 46, </key>
<key name="78"> 46, </key>
<key name="79"> 46, </key>
<key name="8"> 4, </key>
<key name="80"> 47, </key>
<key name="81"> 47, </key>
<key name="82"> 48, </key>
<key name="83"> 48, </key>
<key name="84"> 48, </key>
<key name="85"> 48, </key>
<key name="86"> 48, </key>
<key name="87"> 48, </key>
<key name="88"> 50, </key>
<key name="89"> 50, </key>
<key name="9"> 68,5, </key>
<key name="90"> 52,51, </key>
<key name="91"> 52, </key>
<key name="92"> 53, </key>
<key name="93"> 54, </key>
<key name="94"> 55, </key>
<key name="95"> 56, </key>
<key name="96"> 57, </key>
<key name="97"> 58, </key>
<key name="98"> 58, </key>
<key name="99"> 58, </key>
<key name="ability"> 57, </key>
<key name="abl"> 3,13,64,66, </key>
<key name="abov"> 28,68,24,19,66, </key>
<key name="accept"> 45, </key>
<key name="acces"> 48,35,51,49,3,0,43,5,64, </key>
<key name="accessibl"> 48, </key>
<key name="accompani"> 16, </key>
<key name="accord"> 12,67, </key>
<key name="accuracy"> 68, </key>
<key name="acknowledg"> 66, </key>
<key name="acros"> 48, </key>
<key name="action"> 22,35,28,54,36,21,20,65, </key>
<key name="activ"> 56,12,67,57, </key>
<key name="activity"> 58, </key>
<key name="ad"> 41,35,46,68,50,43, </key>
<key name="add"> 48,28,24, </key>
<key name="addition"> 56,11,64,66, </key>
<key name="additional"> 7,32,8,64,66, </key>
<key name="addres"> 60,6,0, </key>
<key name="adjacent"> 21, </key>
<key name="adjust"> 47, </key>
<key name="admin"> 9,48,46,52,51,0,16,5,64,66, </key>
<key name="administration"> 64, </key>
<key name="administrator"> 41,9,48,15,13,42,47,64, </key>
<key name="affect"> 16, </key>
<key name="again"> 12,3,43, </key>
<key name="aggregat"> 22,29,34,20,18, </key>
<key name="aggregation"> 29, </key>
<key name="ahead"> 12, </key>
<key name="algorithm"> 68,7,67, </key>
<key name="alia"> 28, </key>
<key name="alias"> 28, </key>
<key name="allow"> 29,9,35,28,46,34,52,51,56,55,49,31,27,13,11,14,58,32,21,5,57,19,18,38,66, </key>
<key name="allowabl"> 7, </key>
<key name="along"> 7,14, </key>
<key name="alongsid"> 32, </key>
<key name="already"> 49,64,66, </key>
<key name="alternativ"> 56,57,19, </key>
<key name="alternative"> 19, </key>
<key name="alway"> 61,37,25, </key>
<key name="amend"> 0,16, </key>
<key name="amenity"> 68, </key>
<key name="amount"> 31, </key>
<key name="analys"> 68, </key>
<key name="analysi"> 67, </key>
<key name="anoth"> 28,0,16,47,66, </key>
<key name="any"> 29,48,30,35,46,63,68,51,6,12,0,14,33,43,47,57,65,66, </key>
<key name="ap"> 22,29,30,28,24,31,36,27,33,23, </key>
<key name="appear"> 48,12,4,16,25, </key>
<key name="appendix"> 7, </key>
<key name="appli"> 29,28,50,24,36,27,21, </key>
<key name="applicabl"> 68, </key>
<key name="application"> 55,49,16,66, </key>
<key name="appropriat"> 30,34,59,0,11,5,57,18,65,66, </key>
<key name="area"> 9,48,30,28,17,54,49,12,36,27,16,21,5,47,20,18,64,65,66, </key>
<key name="around"> 2,13,11,47, </key>
<key name="arriv"> 61, </key>
<key name="arrival"> 61, </key>
<key name="arrow"> 6,7,11,21,23,5,19,18, </key>
<key name="ascend"> 35,25, </key>
<key name="asset"> 20,69, </key>
<key name="assign"> 51,6, </key>
<key name="associat"> 52,51,49,27,0,57,38,64,66, </key>
<key name="association"> 54,20,38,65, </key>
<key name="attribut"> 7,8, </key>
<key name="authoris"> 66, </key>
<key name="authorisation"> 64,65,66, </key>
<key name="authority"> 68, </key>
<key name="auto"> 66, </key>
<key name="automatical"> 29,51,59,7,58,47, </key>
<key name="availability"> 16, </key>
<key name="availabl"> 22,29,41,30,35,46,17,55,49,24,6,7,15,16,42,58,21,5,37,47,57,18,64,65,66, </key>
<key name="averag"> 29,30, </key>
<key name="avoid"> 5, </key>
<key name="await"> 65,66, </key>
<key name="axi"> 30, </key>
<key name="back"> 33,19, </key>
<key name="background"> 27, </key>
<key name="ban"> 50, </key>
<key name="band"> 49, </key>
<key name="bar"> 30,2,54,3,4,21,5,20,65, </key>
<key name="bas"> 28,68,5,64,66, </key>
<key name="be"> 67,58, </key>
<key name="becom"> 56,57, </key>
<key name="befor"> 9,58,47, </key>
<key name="begin"> 7,42, </key>
<key name="behaviour"> 4,16, </key>
<key name="below"> 29,41,30,28,17,59,24,12,36,27,67,0,14,42,32,8,18,66, </key>
<key name="beneath"> 66, </key>
<key name="blank"> 61,43, </key>
<key name="board"> 68, </key>
<key name="bookmark"> 54,7,57,66, </key>
<key name="boq"> 66, </key>
<key name="both"> 64,66, </key>
<key name="bottom"> 12,3,21,25, </key>
<key name="box"> 48,7,12,37,64, </key>
<key name="break"> 22,29,35,26,34,36,20, </key>
<key name="brief"> 16, </key>
<key name="brows"> 38,39, </key>
<key name="build"> 41,30,40,42, </key>
<key name="built"> 30,5,18, </key>
<key name="busines"> 9,48,49,47,64, </key>
<key name="button"> 29,9,48,28,2,51,56,6,0,11,58,21,8,37,47,57,66, </key>
<key name="c"> 24, </key>
<key name="cal"> 29, </key>
<key name="calculat"> 28,68,34, </key>
<key name="calculation"> 29,28, </key>
<key name="calend"> 66, </key>
<key name="calendar"> 7,19, </key>
<key name="call"> 15,14,8, </key>
<key name="callout"> 15,14, </key>
<key name="cancel"> 58,33,57,66, </key>
<key name="candidat"> 59, </key>
<key name="cannot"> 48,39, </key>
<key name="capability"> 16, </key>
<key name="card"> 24,36,21, </key>
<key name="careful"> 45, </key>
<key name="carri"> 68,64, </key>
<key name="cas"> 24,7,36,21, </key>
<key name="categori"> 67,64, </key>
<key name="categoris"> 68,7,36,67, </key>
<key name="categorisation"> 68,7, </key>
<key name="category"> 30,68,59,58,57,64, </key>
<key name="cell"> 27, </key>
<key name="centr"> 3,11, </key>
<key name="certain"> 7, </key>
<key name="chang"> 1,48,61,59,56,54,49,12,62,16,33,43,21,23,5,37,25,47,57,18,66, </key>
<key name="chapt"> 64, </key>
<key name="charact"> 7, </key>
<key name="character"> 59,7,21,66, </key>
<key name="characteristic"> 68,27,67, </key>
<key name="chart"> 22,1,30,17,4,47,20,18, </key>
<key name="check"> 48,7,13,37,64,66, </key>
<key name="checkbox"> 41,13,37,66, </key>
<key name="child"> 51, </key>
<key name="choic"> 30, </key>
<key name="choos"> 41, </key>
<key name="clas"> 59,58,57, </key>
<key name="claus"> 24,20, </key>
<key name="clear"> 5,47, </key>
<key name="click"> 41,9,30,35,2,50,44,12,3,4,0,15,11,45,32,43,21,5,8,37,47,19,18,38,39,65, </key>
<key name="clos"> 2,13,47,38,66, </key>
<key name="closur"> 68, </key>
<key name="cod"> 68,52,51,56,8, </key>
<key name="colour"> 27,8,39, </key>
<key name="column"> 22,29,41,30,35,28,26,2,54,24,36,27,15,13,21,23,37,25,20,38,39,65,66, </key>
<key name="combin"> 42, </key>
<key name="combination"> 7,58,57, </key>
<key name="comma"> 42, </key>
<key name="common"> 28,18, </key>
<key name="compar"> 24, </key>
<key name="comparator"> 42,43, </key>
<key name="complet"> 9,61,51,44,47, </key>
<key name="completion"> 28, </key>
<key name="compris"> 67, </key>
<key name="comput"> 22,29,30,28,27,23, </key>
<key name="computation"> 29,28,20, </key>
<key name="concatenation"> 29, </key>
<key name="condition"> 27, </key>
<key name="conduct"> 7, </key>
<key name="config"> 48,46, </key>
<key name="configur"> 48,46,31,14,64,65,66, </key>
<key name="configurabl"> 66, </key>
<key name="configuration"> 1,47, </key>
<key name="confirm"> 66, </key>
<key name="confirmation"> 66, </key>
<key name="conjunction"> 6, </key>
<key name="connect"> 0, </key>
<key name="consideration"> 67, </key>
<key name="constraint"> 7, </key>
<key name="construct"> 30,28, </key>
<key name="contact"> 60,6, </key>
<key name="contain"> 9,1,4,14,42,66, </key>
<key name="content"> 48,52,51,16,66, </key>
<key name="context"> 12,16,5, </key>
<key name="contra"> 68, </key>
<key name="contractor"> 66, </key>
<key name="control"> 22,29,48,35,46,26,34,2,36,11,16,20, </key>
<key name="convoy"> 68, </key>
<key name="copyright"> 1,12,5,8, </key>
<key name="corn"> 12,5, </key>
<key name="correct"> 58, </key>
<key name="cost"> 66, </key>
<key name="could"> 68, </key>
<key name="count"> 29,30, </key>
<key name="county"> 7, </key>
<key name="cover"> 64, </key>
<key name="creak"> 36, </key>
<key name="creat"> 29,30,28,26,36,27,58,57, </key>
<key name="creation"> 58,57, </key>
<key name="criteria"> 41,68,24,6,7,12,36,27,21,8, </key>
<key name="crown"> 1,12,5,8, </key>
<key name="csv"> 34, </key>
<key name="current"> 61,34,51,56,50,12,15,14,32,25,47,19,66, </key>
<key name="cursor"> 30,17,6,4,15,47,18,66, </key>
<key name="customiz"> 22,32,20, </key>
<key name="customization"> 33,32, </key>
<key name="cut"> 14, </key>
<key name="dat"> 30,28,61,51,49,7,36,42,19,66, </key>
<key name="data"> 41,30,51,50,31,67,15,13,14,58,5,18,64, </key>
<key name="databas"> 1,12,31,0,5,8, </key>
<key name="day"> 29,30,28,19,65, </key>
<key name="dd"> 61, </key>
<key name="decid"> 41, </key>
<key name="decreas"> 61, </key>
<key name="dedicat"> 12, </key>
<key name="default"> 48,46,12,33,45,37,25,20,19,65, </key>
<key name="defect"> 63,58,57,20, </key>
<key name="defin"> 29,9,30,68,54,7,27,0,15,21,8,57,65,66, </key>
<key name="definition"> 34,20, </key>
<key name="delay"> 7, </key>
<key name="delet"> 29,28,45,32, </key>
<key name="depend"> 34,51,31, </key>
<key name="dependent"> 67, </key>
<key name="depict"> 13, </key>
<key name="deriv"> 29,30,28,27, </key>
<key name="descend"> 35,25, </key>
<key name="descr"> 24, </key>
<key name="describ"> 1,30,67, </key>
<key name="description"> 41,30,17,59,56,7,16,32,43, </key>
<key name="descriptiv"> 48,14, </key>
<key name="descriptor"> 7, </key>
<key name="design"> 18, </key>
<key name="designation"> 68, </key>
<key name="desir"> 5, </key>
<key name="desktop"> 49,64, </key>
<key name="destination"> 34, </key>
<key name="detail"> 9,48,60,59,55,54,49,7,4,0,15,16,58,5,8,37,20,18,64,66, </key>
<key name="determin"> 68,15,13,47, </key>
<key name="determination"> 68, </key>
<key name="dialog"> 48,46,12,14,43, </key>
<key name="dialogu"> 34,0,14,43,5, </key>
<key name="dif"> 34,31, </key>
<key name="different"> 68,7,18, </key>
<key name="direct"> 19, </key>
<key name="disabl"> 26,24,27,57, </key>
<key name="disappear"> 19, </key>
<key name="discover"> 9, </key>
<key name="display"> 22,29,41,9,30,28,46,60,26,61,63,17,34,51,59,56,55,54,50,44,24,7,12,62,4,67,0,15,16,14,53,58,32,21,23,5,8,37,25,20,18,38,39,64,65,66, </key>
<key name="disruption"> 68,67, </key>
<key name="do"> 30,68,51,24,7,12,58,66, </key>
<key name="doc"> 38, </key>
<key name="document"> 30,54,49,14,57,20,38,65, </key>
<key name="doubl"> 68,11, </key>
<key name="down"> 49,6,7,4,11,16,21,5,18, </key>
<key name="download"> 22,34,14,20, </key>
<key name="draft"> 64, </key>
<key name="drag"> 41,48,46,2,12,13,11,47, </key>
<key name="drill"> 49,4,16,18,66, </key>
<key name="drop"> 48,12,21,47, </key>
<key name="duration"> 67, </key>
<key name="duty"> 68, </key>
<key name="e"> 29,30,28,60,24,6,36,16,42,21,5, </key>
<key name="earli"> 66, </key>
<key name="east"> 11, </key>
<key name="edit"> 48,61,59,56,55,54,50,53,45, </key>
<key name="eith"> 28,61,34,52,59,49,7,42,45,23,64, </key>
<key name="element"> 1,4,5,20, </key>
<key name="enabl"> 22,26,24,27, </key>
<key name="end"> 29, </key>
<key name="engine"> 61, </key>
<key name="enqoutcom"> 56, </key>
<key name="enquir"> 6, </key>
<key name="enquirer"> 6, </key>
<key name="enquiri"> 61,52,51,54,49,50,6,20, </key>
<key name="enquiry"> 30,61,52,51,59,56,55,54,49,50,6,62,53,58,57, </key>
<key name="ent"> 30,28,61,24,6,7,31,36,14,53,58,32,43,21,5,57, </key>
<key name="enter"> 28,61,59,6,7,36,0,42,58,21,5,19, </key>
<key name="entry"> 59,56, </key>
<key name="equal"> 42, </key>
<key name="error"> 54,7,57,66, </key>
<key name="est"> 66, </key>
<key name="estimat"> 7,66, </key>
<key name="etc"> 28,46, </key>
<key name="evaluat"> 27, </key>
<key name="even"> 68,25, </key>
<key name="every"> 16, </key>
<key name="exact"> 42, </key>
<key name="exampl"> 22,29,48,30,28,68,17,59,24,6,7,27,0,14,32,8,18,66, </key>
<key name="exceed"> 21, </key>
<key name="exception"> 22, </key>
<key name="exclud"> 37, </key>
<key name="execut"> 44,45,21, </key>
<key name="exist"> 28,49,12,31,57, </key>
<key name="exor"> 9,49,0,14,20,64, </key>
<key name="expand"> 12, </key>
<key name="expect"> 16, </key>
<key name="expression"> 24, </key>
<key name="extent"> 5, </key>
<key name="f5"> 50, </key>
<key name="faciliti"> 66, </key>
<key name="facility"> 6,7,58, </key>
<key name="far"> 23, </key>
<key name="featur"> 48,52,51,49,12,36,15,21,5,20, </key>
<key name="ff723"> 7, </key>
<key name="field"> 29,41,30,28,60,61,34,51,59,56,55,49,6,7,12,14,42,5,57,64,66, </key>
<key name="figur"> 29,41,9,1,48,30,35,28,46,60,26,61,63,17,34,2,52,51,59,56,55,54,50,24,6,7,12,31,36,3,27,62,4,0,15,13,11,14,42,53,58,45,32,43,21,23,5,8,37,25,47,57,20,19,18,38,65,66, </key>
<key name="fil"> 30,34,14, </key>
<key name="filed"> 42, </key>
<key name="fill"> 66, </key>
<key name="filt"> 22,24,7,36,27,5,20, </key>
<key name="filter"> 35,24,6,7,36,27,5, </key>
<key name="find"> 6,7,12,67,42,5,39, </key>
<key name="fing"> 4, </key>
<key name="finish"> 48, </key>
<key name="first"> 46,24,0,37,25, </key>
<key name="fiv"> 65, </key>
<key name="flashback"> 22,31, </key>
<key name="flow"> 68, </key>
<key name="fold"> 9,38, </key>
<key name="folder"> 9, </key>
<key name="follow"> 22,35,60,26,61,68,55,54,49,50,24,7,12,27,0,11,16,53,58,43,21,57,64,65,66, </key>
<key name="footway"> 68, </key>
<key name="format"> 28,61,34,42,8,19,65, </key>
<key name="forward"> 19,66, </key>
<key name="four"> 67, </key>
<key name="framework"> 1,19, </key>
<key name="full"> 9,6,7,0,16,21,5, </key>
<key name="function"> 29,1,30,28,64,66, </key>
<key name="functional"> 54,20,65,66, </key>
<key name="functionality"> 1,17,18, </key>
<key name="furth"> 4,0,16,20,18,66, </key>
<key name="futur"> 32,65, </key>
<key name="g"> 29,30,28,24,16,42, </key>
<key name="gazette"> 7, </key>
<key name="general"> 38,39, </key>
<key name="generat"> 59, </key>
<key name="geographical"> 12,5, </key>
<key name="get"> 6,7,5, </key>
<key name="gi"> 15, </key>
<key name="giv"> 68,49,64, </key>
<key name="given"> 51,7, </key>
<key name="glob"> 39, </key>
<key name="global"> 69, </key>
<key name="go"> 68,21, </key>
<key name="grant"> 48, </key>
<key name="graph"> 17, </key>
<key name="graphical"> 17,4, </key>
<key name="great"> 42, </key>
<key name="green"> 18, </key>
<key name="grey"> 39, </key>
<key name="grid"> 52,51, </key>
<key name="group"> 9,30,46,26,12,36,5,47,64,66, </key>
<key name="grouping"> 46, </key>
<key name="guid"> 9,2,0,16,64, </key>
<key name="hand"> 5, </key>
<key name="handl"> 25, </key>
<key name="head"> 41,35,28,36,25, </key>
<key name="heading"> 35,54,25,20,65, </key>
<key name="help"> 48,30,7,12,16,69, </key>
<key name="hh"> 61, </key>
<key name="hid"> 48,12,36,3, </key>
<key name="hidden"> 3,23,37, </key>
<key name="hig1832"> 51, </key>
<key name="high"> 68, </key>
<key name="highlight"> 22,34,12,27,5,20, </key>
<key name="hint"> 6,16, </key>
<key name="histogram"> 65, </key>
<key name="history"> 62, </key>
<key name="hoc"> 41,43, </key>
<key name="hom"> 48,46,60,50,4,5,47,65, </key>
<key name="homepag"> 49,50,0,65, </key>
<key name="horizontal"> 30, </key>
<key name="hour"> 61, </key>
<key name="hov"> 30,18,66, </key>
<key name="hover"> 17,6,15, </key>
<key name="how"> 29,9,30,28,68,31,16,5,25, </key>
<key name="hyperlink"> 0, </key>
<key name="i"> 29,30,24,6,36,21,5, </key>
<key name="icon"> 35,49,36,4,15,13,16,32,21,37,47,38,39,64, </key>
<key name="id"> 59,56,55,6,53,58,57, </key>
<key name="identifi"> 27, </key>
<key name="identify"> 27,21, </key>
<key name="if"> 29,41,9,30,46,60,68,51,59,56,49,50,24,6,7,27,58,43,21,5,37,25,57,38,64,65,66, </key>
<key name="illustrat"> 1, </key>
<key name="im20001a"> 16, </key>
<key name="imag"> 30,0,14,38, </key>
<key name="immediat"> 68, </key>
<key name="impact"> 7,67,8, </key>
<key name="implicit"> 7, </key>
<key name="important"> 68, </key>
<key name="includ"> 29,48,30,46,34,49,7,67,14, </key>
<key name="increas"> 61,59, </key>
<key name="incremental"> 11, </key>
<key name="indicat"> 29,28,2,4,16,58,18,38,39,66, </key>
<key name="indicator"> 68,7, </key>
<key name="individual"> 68,51,53,8,47,64, </key>
<key name="info"> 15,16, </key>
<key name="information"> 9,1,48,46,17,2,49,3,4,67,0,15,11,16,14,58,5,8,20,19,18,39,69,64,65,66, </key>
<key name="infrastructur"> 69, </key>
<key name="initcap"> 28, </key>
<key name="initial"> 11,5,20,18, </key>
<key name="insensitiv"> 7,36,21, </key>
<key name="inspection"> 58,57, </key>
<key name="installation"> 34, </key>
<key name="instead"> 6,7,5, </key>
<key name="instr"> 42, </key>
<key name="instruct"> 66, </key>
<key name="instruction"> 64,65,66, </key>
<key name="interactiv"> 22,29,1,30,35,28,26,44,24,6,31,27,4,16,21,23,25,47,20,38,39, </key>
<key name="interfac"> 1,48,55,49,4,65, </key>
<key name="introduction"> 67, </key>
<key name="invok"> 24,0,23,8,19, </key>
<key name="irrespectiv"> 37, </key>
<key name="item"> 54,15,16,20,38,39,65,66, </key>
<key name="jan"> 28,42,19, </key>
<key name="john"> 42, </key>
<key name="jon"> 42, </key>
<key name="just"> 43, </key>
<key name="key"> 28,50,11, </key>
<key name="keyboard"> 6,7,11,5, </key>
<key name="keypad"> 28, </key>
<key name="know"> 7, </key>
<key name="knowledg"> 68, </key>
<key name="known"> 1,7, </key>
<key name="label"> 48,30,46,6,15, </key>
<key name="lan"> 68, </key>
<key name="larg"> 6,7,12,5, </key>
<key name="last"> 25,39,65, </key>
<key name="lay"> 15,13, </key>
<key name="layer"> 15,13, </key>
<key name="layout"> 1,47,65, </key>
<key name="lead"> 69, </key>
<key name="least"> 6,7,38, </key>
<key name="leav"> 43, </key>
<key name="left"> 11,23,5, </key>
<key name="legend"> 15,13, </key>
<key name="les"> 42, </key>
<key name="level"> 4,16,18, </key>
<key name="library"> 46,47, </key>
<key name="licens"> 6,7, </key>
<key name="lik"> 24,42, </key>
<key name="like"> 7,67,8, </key>
<key name="lin"> 30,4,66, </key>
<key name="link"> 48,30,5,18,38,64, </key>
<key name="list"> 29,41,9,28,61,51,59,56,24,6,7,36,45,21,5,25,38,66, </key>
<key name="local"> 68, </key>
<key name="locat"> 7,5, </key>
<key name="location"> 68,59,49,12,3,67,13,11,16,58,5,57,39,66, </key>
<key name="log"> 46,2,49,0,64, </key>
<key name="logical"> 41,46, </key>
<key name="login"> 0, </key>
<key name="logon"> 0, </key>
<key name="logoninfo"> 0, </key>
<key name="logonlogo"> 0, </key>
<key name="logonurl"> 0, </key>
<key name="look"> 51, </key>
<key name="ltrim"> 28, </key>
<key name="mai1320"> 58, </key>
<key name="mail"> 60, </key>
<key name="main"> 30,54,12,16,20,65,66, </key>
<key name="maintenanc"> 63, </key>
<key name="major"> 68, </key>
<key name="majority"> 1, </key>
<key name="mak"> 49,42, </key>
<key name="manag"> 41,9,1,48,30,46,2,52,51,55,54,49,50,6,7,3,67,0,11,16,58,5,57,19,18,38,39,69,64,66, </key>
<key name="management"> 68,18,69, </key>
<key name="manual"> 28,7, </key>
<key name="map"> 1,46,54,49,7,12,67,15,13,10,11,14,5,8,47,57,20,39,65, </key>
<key name="mark"> 8,39, </key>
<key name="mask"> 28, </key>
<key name="mast"> 26,36, </key>
<key name="match"> 59,6,42,5,8, </key>
<key name="mathematical"> 29,30,28, </key>
<key name="max"> 30, </key>
<key name="maximis"> 12, </key>
<key name="maximum"> 26, </key>
<key name="mean"> 39, </key>
<key name="mechanism"> 68, </key>
<key name="meet"> 24,12,27, </key>
<key name="menu"> 22,35,28,54,36,21,20,65, </key>
<key name="messag"> 50,66, </key>
<key name="messsag"> 5, </key>
<key name="meta"> 58, </key>
<key name="method"> 29,67,53, </key>
<key name="middl"> 42, </key>
<key name="min"> 30, </key>
<key name="mind"> 5, </key>
<key name="minimal"> 7,67, </key>
<key name="minimis"> 12, </key>
<key name="minor"> 68, </key>
<key name="minu"> 28, </key>
<key name="minut"> 61,31, </key>
<key name="mm"> 61, </key>
<key name="mnag"> 57, </key>
<key name="mobil"> 60, </key>
<key name="moderat"> 68,7,67, </key>
<key name="modifi"> 68, </key>
<key name="modify"> 24,23,47, </key>
<key name="modul"> 66, </key>
<key name="mon"> 61, </key>
<key name="month"> 19, </key>
<key name="mous"> 48,30,17,6,4,15,18, </key>
<key name="mov"> 11,58,23,66, </key>
<key name="msa"> 68, </key>
<key name="multi"> 68, </key>
<key name="multipl"> 29,41,24,6,27, </key>
<key name="must"> 7,0,42,66, </key>
<key name="nam"> 29,9,48,28,46,56,12,27,0,16,42,32,43,47, </key>
<key name="name"> 54,6,57,20,65, </key>
<key name="national"> 7, </key>
<key name="navigat"> 11, </key>
<key name="navigation"> 11, </key>
<key name="navigator"> 66, </key>
<key name="ne"> 30,24,36,13,42,21, </key>
<key name="need"> 68,0,14, </key>
<key name="network"> 5,20, </key>
<key name="new"> 29,48,28,51,50,58,8,18,39,66, </key>
<key name="next"> 41,21,47, </key>
<key name="non"> 68, </key>
<key name="normal"> 52,49,4,0,15,64, </key>
<key name="north"> 11, </key>
<key name="not"> 59,42,21, </key>
<key name="notic"> 68, </key>
<key name="now"> 58, </key>
<key name="nsg"> 7, </key>
<key name="null"> 51,42,37,25, </key>
<key name="numb"> 29,9,30,28,60,52,51,59,6,7,36,11,16,21,5,19,64,66, </key>
<key name="number"> 66, </key>
<key name="numeric"> 29,30,42, </key>
<key name="object"> 15, </key>
<key name="objectiv"> 67, </key>
<key name="obtain"> 68, </key>
<key name="off"> 1,48,13, </key>
<key name="offic"> 56, </key>
<key name="on"> 22,30,28,26,2,24,6,7,12,11,42,53,58,38,66, </key>
<key name="onc"> 48,30,68,59,54,0,19,66, </key>
<key name="onto"> 0,47, </key>
<key name="open"> 34,2,14,47,18,38, </key>
<key name="operation"> 29,33, </key>
<key name="operator"> 41,24,42, </key>
<key name="opportunity"> 46, </key>
<key name="option"> 22,29,9,30,35,28,26,34,56,24,31,27,0,16,42,58,33,32,23,5,25, </key>
<key name="optional"> 7,32,43, </key>
<key name="oracl"> 28,24,31, </key>
<key name="ord"> 48,35,46,25,20,64,65,66, </key>
<key name="order"> 64,65,66, </key>
<key name="organis"> 1, </key>
<key name="organisational"> 0,16,14, </key>
<key name="orientat"> 12, </key>
<key name="original"> 56, </key>
<key name="other"> 68, </key>
<key name="out"> 26,68,2,36,15,13,11,14,8,39,64,66, </key>
<key name="outcom"> 56, </key>
<key name="outsid"> 12, </key>
<key name="outstand"> 49, </key>
<key name="overview"> 12, </key>
<key name="own"> 43, </key>
<key name="pag"> 48,52,51,54,50,7,4,0,16,53,21,23,5,57,64,65,66, </key>
<key name="palet"> 27, </key>
<key name="pan"> 12,11, </key>
<key name="panel"> 46, </key>
<key name="paramet"> 6,7, </key>
<key name="parameter"> 9,6,7, </key>
<key name="parameteris"> 9, </key>
<key name="parent"> 66, </key>
<key name="part"> 68, </key>
<key name="particular"> 7,20, </key>
<key name="pas"> 66, </key>
<key name="password"> 49,0,64, </key>
<key name="past"> 14, </key>
<key name="paul"> 42, </key>
<key name="pdf"> 30,34,14, </key>
<key name="penultimat"> 38, </key>
<key name="per"> 30,21, </key>
<key name="percentag"> 66, </key>
<key name="perform"> 29,30,28,31, </key>
<key name="performanc"> 18, </key>
<key name="permanent"> 26,24, </key>
<key name="permission"> 66, </key>
<key name="phas"> 67, </key>
<key name="phon"> 60, </key>
<key name="pi"> 30, </key>
<key name="pick"> 7,36,42,19,66, </key>
<key name="picklist"> 51, </key>
<key name="pin"> 8,39, </key>
<key name="plac"> 12,47,18, </key>
<key name="placement"> 2, </key>
<key name="plan"> 67, </key>
<key name="pleas"> 21, </key>
<key name="pod"> 22,29,9,1,30,35,28,46,26,17,2,24,6,7,31,27,4,16,32,21,23,5,25,47,20,19,18,38,39, </key>
<key name="point"> 31,4,18, </key>
<key name="pop"> 16,58,8,66, </key>
<key name="populat"> 66, </key>
<key name="popup"> 19,66, </key>
<key name="position"> 48,2,47,39, </key>
<key name="possibl"> 27,38,39, </key>
<key name="postcod"> 6, </key>
<key name="pr"> 5,8,57, </key>
<key name="preced"> 29, </key>
<key name="predefin"> 7, </key>
<key name="predetermin"> 20, </key>
<key name="prefdb"> 0, </key>
<key name="prefix"> 23, </key>
<key name="pres"> 29,30,35,28,24,6,7,31,36,0,11,14,32,21,23,5,8,37,38,39, </key>
<key name="present"> 41,48,12,58,45,43, </key>
<key name="prevent"> 66, </key>
<key name="preview"> 38, </key>
<key name="previou"> 31,21,47, </key>
<key name="previous"> 7,58,32,37,47,65, </key>
<key name="primary"> 60, </key>
<key name="print"> 14, </key>
<key name="priority"> 30,68,51,56,49,58,57, </key>
<key name="privat"> 68, </key>
<key name="proce"> 66, </key>
<key name="proces"> 48,0,58,47, </key>
<key name="product"> 30,56,6,7,0, </key>
<key name="professional"> 14, </key>
<key name="program"> 55,49, </key>
<key name="progres"> 52,51,54,50,67, </key>
<key name="promot"> 68, </key>
<key name="prompt"> 49,0,33,64,66, </key>
<key name="propos"> 7, </key>
<key name="provid"> 28,17,51,49,6,7,4,11,21,57,66, </key>
<key name="pul"> 26,36, </key>
<key name="purpos"> 16, </key>
<key name="push"> 8,39, </key>
<key name="queri"> 45,43, </key>
<key name="query"> 41,48,44,24,31,40,42,45,43, </key>
<key name="question"> 9,32, </key>
<key name="quick"> 54,50,6,7,53, </key>
<key name="radio"> 51, </key>
<key name="rais"> 58,57,65, </key>
<key name="rang"> 7, </key>
<key name="re"> 48,43, </key>
<key name="reason"> 61,56, </key>
<key name="reasonab"> 68, </key>
<key name="receiv"> 52,54,49,50, </key>
<key name="record"> 29,30,26,56,49,24,36,4,42,21,37,57,38,39,66, </key>
<key name="rectifi"> 66, </key>
<key name="red"> 12, </key>
<key name="reduc"> 59,36, </key>
<key name="ref"> 7,0, </key>
<key name="refer"> 28, </key>
<key name="referenc"> 6,7,27, </key>
<key name="refresh"> 48,50, </key>
<key name="regard"> 68, </key>
<key name="region"> 21, </key>
<key name="reinstatement"> 68, </key>
<key name="relat"> 9,48,49,0,8, </key>
<key name="relation"> 16, </key>
<key name="relationship"> 24, </key>
<key name="releas"> 2, </key>
<key name="relevant"> 9,7,0,5,65, </key>
<key name="rememb"> 3, </key>
<key name="remov"> 29,48,28,26,24,33,47, </key>
<key name="renam"> 48, </key>
<key name="rend"> 5, </key>
<key name="reord"> 23, </key>
<key name="reorder"> 1,48, </key>
<key name="repeat"> 48,47, </key>
<key name="report"> 22,29,9,30,35,28,26,34,44,24,6,7,31,36,27,16,33,32,21,23,8,37,25,20,38,39,65, </key>
<key name="reposition"> 2, </key>
<key name="represent"> 8, </key>
<key name="representation"> 39, </key>
<key name="requir"> 29,30,28,60,68,17,34,59,56,49,24,7,31,13,14,58,32,21,8,19,18,38,66, </key>
<key name="requirement"> 16,64, </key>
<key name="requisit"> 57, </key>
<key name="reserv"> 1,12,5,8, </key>
<key name="reset"> 22,33,47,66, </key>
<key name="resiz"> 13, </key>
<key name="resp"> 6, </key>
<key name="responsibility"> 52,56,6, </key>
<key name="responsibl"> 56,64, </key>
<key name="restor"> 3, </key>
<key name="restrict"> 7,64,66, </key>
<key name="result"> 29,28,68,34,44,24,6,7,12,5,8,25,20,18, </key>
<key name="retain"> 13, </key>
<key name="return"> 6,7,11,42,43,21,5,37,57,20, </key>
<key name="reveal"> 4, </key>
<key name="revert"> 47, </key>
<key name="right"> 41,1,48,30,61,12,11,23,5,8,25,47, </key>
<key name="road"> 68,59,7,5,8,64,66, </key>
<key name="roadwork"> 7,67,8, </key>
<key name="rol"> 5, </key>
<key name="row"> 51,54,27,21,37,20, </key>
<key name="rtf"> 34, </key>
<key name="rul"> 27, </key>
<key name="run"> 9,45, </key>
<key name="s"> 26,25, </key>
<key name="sam"> 22,30,58,57, </key>
<key name="satisfy"> 66, </key>
<key name="sav"> 22,48,30,34,2,14,45,32,43,47,57,65, </key>
<key name="scor"> 68, </key>
<key name="screen"> 5, </key>
<key name="scrol"> 19, </key>
<key name="se"> 48,2,7,13,16,23,47,64,66, </key>
<key name="search"> 1,30,46,54,6,7,12,36,42,21,5,8,47,20,19,65, </key>
<key name="section"> 1,63,49,66, </key>
<key name="security"> 66, </key>
<key name="select"> 22,29,41,9,48,30,28,46,61,63,34,52,51,56,54,50,24,7,12,36,27,13,16,14,58,33,45,21,23,5,8,37,47,19,18,38,39,64,65,66, </key>
<key name="selection"> 6,7,12,58,5,8,66, </key>
<key name="sensitiv"> 68,24, </key>
<key name="sensitivity"> 68,16,5, </key>
<key name="separat"> 44,42,38, </key>
<key name="sequenc"> 28,27, </key>
<key name="seri"> 1,42, </key>
<key name="servic"> 14, </key>
<key name="set"> 41,48,28,26,61,34,2,51,56,6,7,3,16,58,21,5,25,20,66, </key>
<key name="setting"> 1,48,13,33,47, </key>
<key name="sever"> 68,7,67, </key>
<key name="shortcut"> 28, </key>
<key name="should"> 6,27,58,65,66, </key>
<key name="show"> 29,30,28,46,68,17,12,15,13,16,32,5,8,37,25,47,66, </key>
<key name="shown"> 29,41,48,30,28,68,17,59,24,6,12,36,0,14,42,8,19,18,39,66, </key>
<key name="sid"> 23, </key>
<key name="signal"> 68, </key>
<key name="significant"> 68, </key>
<key name="simp"> 28,7, </key>
<key name="simpl"> 28, </key>
<key name="simultaneous"> 29,27, </key>
<key name="singl"> 22,54,37,47,20, </key>
<key name="sit"> 61, </key>
<key name="situation"> 68, </key>
<key name="siz"> 13, </key>
<key name="slid"> 11, </key>
<key name="slight"> 68,7,67, </key>
<key name="small"> 3, </key>
<key name="smith"> 42, </key>
<key name="so"> 58,64, </key>
<key name="sort"> 22,35,25,20, </key>
<key name="sourc"> 56,16, </key>
<key name="south"> 11, </key>
<key name="spac"> 6, </key>
<key name="spatial"> 39, </key>
<key name="specific"> 7,8,20,18, </key>
<key name="specify"> 25, </key>
<key name="standard"> 9,28,68,34,49,24,14,58,57,64,66, </key>
<key name="start"> 6,7,12,67,11,5, </key>
<key name="statement"> 42, </key>
<key name="statu"> 2,52,51,56,54,50,24,47,64, </key>
<key name="step"> 30, </key>
<key name="stop"> 68, </key>
<key name="stor"> 22,14,20, </key>
<key name="str"> 42, </key>
<key name="street"> 68,7,12,67, </key>
<key name="streetwork"> 7, </key>
<key name="string"> 42, </key>
<key name="structur"> 47, </key>
<key name="sub"> 41, </key>
<key name="subject"> 30, </key>
<key name="subjectiv"> 68,67, </key>
<key name="subsequent"> 43, </key>
<key name="subtract"> 28, </key>
<key name="suffic"> 7, </key>
<key name="suit"> 46,0,16,14,64, </key>
<key name="suitabl"> 42, </key>
<key name="sum"> 30, </key>
<key name="summaris"> 18, </key>
<key name="summary"> 52,51,54,49,50,8,57,64,65,66, </key>
<key name="suppli"> 68, </key>
<key name="surnam"> 6, </key>
<key name="switch"> 1,48,66, </key>
<key name="symbol"> 13, </key>
<key name="symbology"> 13, </key>
<key name="system"> 41,9,59,50,0,15,13,16,42,58,47,19,64,66, </key>
<key name="t"> 30,50,67,65,66, </key>
<key name="tab"> 41,9,1,48,46,60,61,63,2,59,55,50,44,12,3,62,10,45,32,5,47,18, </key>
<key name="tabl"> 1,47, </key>
<key name="tak"> 68,6,7,5, </key>
<key name="taken"> 52,51,67, </key>
<key name="target"> 30,28, </key>
<key name="templat"> 14, </key>
<key name="ten"> 46, </key>
<key name="text"> 59,56,6,7,36,27,0,16,14,42,21,5,66, </key>
<key name="them"> 26,6,15,45,43,25, </key>
<key name="therefor"> 39, </key>
<key name="thos"> 61,52,55,49,5,20,66, </key>
<key name="thre"> 2,59,66, </key>
<key name="throughout"> 1, </key>
<key name="thumbnail"> 38, </key>
<key name="til"> 3, </key>
<key name="tim"> 22,61,68,6,7,12,31,5,37,66, </key>
<key name="tip"> 17,6,15,16, </key>
<key name="titl"> 30,2,3,14,5, </key>
<key name="to_dat"> 28, </key>
<key name="togeth"> 68, </key>
<key name="toggl"> 30,13, </key>
<key name="tool"> 17,15,13,16,14,19,18,64,65, </key>
<key name="toolbar"> 56,55,16,23,57, </key>
<key name="tooltip"> 48, </key>
<key name="top"> 48,21,5, </key>
<key name="total"> 30,66, </key>
<key name="town"> 7, </key>
<key name="traffic"> 68,7, </key>
<key name="tre"> 47, </key>
<key name="treatment"> 58, </key>
<key name="tru"> 68, </key>
<key name="two"> 68,27,42, </key>
<key name="typ"> 30,17,59,6,7,12,27,58,5,47,57,18,38,66, </key>
<key name="un"> 13, </key>
<key name="undo"> 45, </key>
<key name="unhidden"> 36, </key>
<key name="uniqu"> 16,66, </key>
<key name="unit"> 52,51,5,64,66, </key>
<key name="unlimit"> 9, </key>
<key name="unus"> 48, </key>
<key name="up"> 46,68,51,11,16,58,8,25,47,66, </key>
<key name="updat"> 60,61,55,49,12, </key>
<key name="upon"> 28,34, </key>
<key name="url"> 0, </key>
<key name="us"> 22,1,48,30,35,28,46,26,61,68,2,52,51,56,55,49,50,24,6,7,36,27,0,13,11,16,42,58,23,5,37,25,47,57,20,19,18,64,65,66, </key>
<key name="useful"> 48,36, </key>
<key name="user"> 46,51,49,6,43,64,66, </key>
<key name="usernam"> 49,0,64, </key>
<key name="usrn"> 7, </key>
<key name="valu"> 29,41,30,28,61,17,6,7,31,36,4,15,42,45,43,21,5,37,25,18, </key>
<key name="version"> 16,47, </key>
<key name="vertical"> 30, </key>
<key name="via"> 1,35,49,64, </key>
<key name="view"> 30,52,51,55,54,49,50,6,7,12,31,15,11,14,32,21,5,8,37,57,20,18,38,39,64,65,66, </key>
<key name="virtual"> 2, </key>
<key name="visibility"> 48,46,13, </key>
<key name="visibl"> 48, </key>
<key name="visual"> 27, </key>
<key name="want"> 41,48,46,45,43,47, </key>
<key name="warn"> 5, </key>
<key name="way"> 46,68,11, </key>
<key name="websit"> 0, </key>
<key name="welcom"> 69, </key>
<key name="well"> 68,16, </key>
<key name="west"> 11, </key>
<key name="wh0834"> 7, </key>
<key name="what"> 68, </key>
<key name="wheth"> 41,51,27,4,16,37,25, </key>
<key name="whilst"> 23, </key>
<key name="widget"> 61, </key>
<key name="wild"> 24,36,21, </key>
<key name="wildcard"> 7, </key>
<key name="will"> 29,41,48,28,46,60,61,63,34,2,52,51,59,56,55,54,49,50,44,24,6,7,12,31,36,3,27,62,4,0,15,16,14,42,53,58,33,32,43,21,5,8,37,57,20,19,18,38,39,64,65,66, </key>
<key name="window"> 41,34,52,51,55,54,50,13,16,14,58,23,8,57,38,39,66, </key>
<key name="wish"> 41,48,43,21,37, </key>
<key name="within"> 29,9,30,28,17,2,52,51,49,50,44,6,7,31,3,27,11,16,14,42,43,21,23,5,8,25,47,18,38,39,64,66, </key>
<key name="without"> 35, </key>
<key name="wo"> 66, </key>
<key name="work"> 46,60,68,50,7,67,32,8,64,65,66, </key>
<key name="worktray"> 61,49,50,57,64,65,66, </key>
<key name="would"> 68,7,42, </key>
<key name="x"> 66, </key>
<key name="xl"> 34, </key>
<key name="y"> 56, </key>
<key name="yellow"> 47, </key>
<key name="your"> 22,41,9,48,28,46,34,49,44,6,7,12,31,36,27,4,0,15,13,11,16,14,42,45,32,43,5,47,64, </key>
<key name="yyyy"> 61, </key>
<key name="zoom"> 12,13,11,5, </key>
<key name="–"> 29,28,51,11,58, </key>

</ftswdata>  
