<?xml version='1.0' encoding='UTF-8' ?>
<tocdata>
<item name="Welcome" url="welcome.htm" />
<book name="Getting Started" >
  <book name="Logon" >
    <item name="Logging into Information Manager" url="getting_started/logon/logging_into_information_manager.htm" />
    <item name="Relevant Product Options" url="getting_started/logon/logging_into_information_manager.htm#Relevant_Product_Options_1" />
  </book>
  <book name="Changing the layout of Information Manager" >
    <item name="Changing the layout of Information Manager" url="getting_started/changing_the_layout_of_information_manager/changing_the_layout_of_information_manager.htm" />
    <item name="Pod Controls" url="getting_started/changing_the_layout_of_information_manager/pod_controls.htm" />
    <item name="Interactive Pods" url="getting_started/changing_the_layout_of_information_manager/interactive_pods.htm" />
    <item name="Hiding &amp; Restoring the Information Manager title bar" url="getting_started/changing_the_layout_of_information_manager/hiding_restoring_the_information_manager_title_bar.htm" />
  </book>
  <book name="Searching" >
    <item name="Searching and Finding" url="getting_started/searching/searching_and_finding.htm" />
    <item name="Setting Location" url="getting_started/searching/searching_and_finding.htm#Setting_Location" />
    <item name="Find Enquiry" url="getting_started/searching/find_enquiry.htm" />
    <item name="Find Roadworks" url="getting_started/searching/find_roadworks.htm" />
    <item name="Search using a Works Reference Number" url="getting_started/searching/find_roadworks.htm#Search_using_a_Works_Reference_Number" />
    <item name="Search for Roadworks in a Town" url="getting_started/searching/find_roadworks.htm#Search_for_Roadworks_in_a_Town" />
    <item name="Search for Roadworks on a known Street" url="getting_started/searching/find_roadworks.htm#Search_for_Roadworks_on_a_known_Street" />
    <item name="Show Results on a Report" url="getting_started/searching/show_results_on_a_report.htm" />
    <item name="Viewing More Details" url="getting_started/searching/show_results_on_a_report.htm#Viewing_More_Details" />
    <item name="View Roadworks on the Map" url="getting_started/searching/show_results_on_a_report.htm#View_Roadworks_on_the_Map" />
  </book>
</book>
<book name="Business Areas" >
  <item name="Business Areas Tab" url="business_areas/business_areas_tab.htm" />
</book>
<book name="Map Tab" >
  <item name="Navigating around the Map" url="map_tab/navigating_around_the_map.htm" />
  <item name="Using the Navigation Controls" url="map_tab/navigating_around_the_map.htm#Using_the_Navigation_Controls" />
  <item name="Finding a location on the map" url="map_tab/finding_a_location_on_the_map.htm" />
  <item name="Active Overview Map" url="map_tab/finding_a_location_on_the_map.htm#Active_Overview_Map" />
  <item name="Map Legend" url="map_tab/map_legend.htm" />
  <item name="Print Map" url="map_tab/print_map.htm" />
  <item name="Map Info Tips" url="map_tab/map_info_tips.htm" />
  <item name="“More Info” Callouts" url="map_tab/map_info_tips.htm#_More_Info_Callouts" />
</book>
<book name="Interactive Pods" >
  <item name="Pod Information Tools" url="interactive_pods_and_reports.htm#Pod_Information_Tools" />
  <item name="Pod Info" url="interactive_pods_and_reports.htm#Pod_Info" />
  <item name="Drill Down Availability" url="interactive_pods_and_reports.htm#Drill_Down_Availability" />
  <item name="Location Context Sensitivity" url="interactive_pods_and_reports.htm#Location_Context_Sensitivity" />
  <item name="Displaying Chart Values" url="interactive_pods/displaying_chart_values.htm" />
  <item name="Using &quot;Drill Down&quot; Functionality" url="interactive_pods/using_drill_down_functionality.htm" />
  <item name="Using the Calendar Date Picker" url="interactive_pods/using_the_calendar_date_picker.htm" />
</book>
<book name="Interactive Reports" >
  <book name="Using Interactive Reports" >
    <item name="Using Interactive Reports" url="interactive_reports/using_interactive_reports/using_interactive_reports.htm" />
    <item name="Search Bar" url="interactive_reports/using_interactive_reports/search_bar.htm" />
  </book>
  <book name="Actions Menu" >
    <item name="Actions Menu" url="interactive_reports/actions_menu/actions_menu.htm" />
    <item name="Select Columns" url="interactive_reports/actions_menu/_select_columns.htm" />
    <item name="Filter" url="interactive_reports/actions_menu/filter.htm" />
    <item name="Sort" url="interactive_reports/actions_menu/sort.htm" />
    <item name="Control Break" url="interactive_reports/actions_menu/_control_break.htm" />
    <item name="Highlight" url="interactive_reports/actions_menu/highlight.htm" />
    <item name="Reset" url="interactive_reports/actions_menu/reset.htm" />
    <item name="Save Report" url="interactive_reports/actions_menu/_save_report.htm" />
    <item name="Download" url="interactive_reports/actions_menu/download.htm" />
    <item name="Flashback" url="interactive_reports/actions_menu/flashback.htm" />
  </book>
  <book name="Charts" >
    <item name="Chart" url="interactive_reports/charts/chart.htm" />
    <item name="How to Create a Chart" url="interactive_reports/charts/chart.htm#How_to_Create_a_Chart" />
    <book name="Examples" >
      <item name="Example 1" url="interactive_reports/charts/chart.htm#Example_1" />
      <item name="Example 2" url="interactive_reports/charts/chart.htm#Example_2" />
      <item name="Example 3" url="interactive_reports/charts/chart.htm#Example_3" />
    </book>
  </book>
  <book name="Calculations" >
    <item name="Compute" url="interactive_reports/calculations/compute.htm" />
    <item name="How to create a new Computed Column" url="interactive_reports/calculations/compute.htm#How_to_create_a_new_Computed_Column" />
    <item name="How to delete a Computed Column" url="interactive_reports/calculations/compute.htm#How_to_delete_a_Computed_Column" />
    <item name="Aggregate" url="interactive_reports/calculations/aggregate.htm" />
    <item name="How to create a new Aggregation" url="interactive_reports/calculations/aggregate.htm#How_to_create_a_new_Aggregation" />
    <item name="How to remove an Aggregation" url="interactive_reports/calculations/aggregate.htm#How_to_remove_an_Aggregation" />
  </book>
  <book name="Column Headings Menu" >
    <item name="Column Headings Menu" url="interactive_reports/column_headings_menu/column_headings_menu.htm" />
    <item name="Sort Ascending" url="interactive_reports/column_headings_menu/column_headings_menu.htm#_Sort_Ascending" />
    <item name="Sort Descending" url="interactive_reports/column_headings_menu/column_headings_menu.htm#_Sort_Descending" />
    <item name="Hide Column" url="interactive_reports/column_headings_menu/hide_column.htm" />
    <item name="Break Column" url="interactive_reports/column_headings_menu/hide_column.htm#Break_Column" />
    <item name="Text Area" url="interactive_reports/column_headings_menu/hide_column.htm#Text_Area_1" />
  </book>
  <book name="Viewing Reports" >
    <item name="Single Row View" url="interactive_reports/viewing_reports/single_row_view.htm" />
    <item name="Viewing Document Associations" url="interactive_reports/viewing_reports/viewing_document_associations.htm" />
    <item name="Closed Folder Icon" url="interactive_reports/viewing_reports/viewing_document_associations.htm#Closed_Folder_Icon" />
    <item name="Open Folder Icon" url="interactive_reports/viewing_reports/viewing_document_associations.htm#Open_Folder_Icon" />
    <item name="Viewing Items on the Map" url="interactive_reports/viewing_reports/viewing_items_on_the_map.htm" />
    <item name="No Location" url="interactive_reports/viewing_reports/viewing_items_on_the_map.htm#No_Location" />
  </book>
</book>
<book name="Queries" >
  <item name="Building an ad hoc query" url="queries/building_an_ad_hoc_query.htm" />
  <item name="Saving an ad hoc query" url="queries/_saving_an_ad_hoc_query.htm" />
  <item name="Executing a query" url="queries/_executing_a_query.htm" />
  <item name="Running a saved query" url="queries/running_a_saved_query.htm" />
  <book name="Query Operators" >
    <item name="Query Operators" url="queries/query_operators/query_operators.htm" />
    <item name="=" url="queries/query_operators/query_operators.htm#_" />
    <item name="like" url="queries/query_operators/query_operators.htm#like" />
    <item name="&gt;" url="queries/query_operators/query_operators.htm#__1" />
    <item name="&lt;" url="queries/query_operators/query_operators.htm#__3" />
    <item name="in" url="queries/query_operators/query_operators.htm#in" />
    <item name="NOT NULL" url="queries/query_operators/query_operators.htm#NOT_NULL" />
    <item name="IS NULL" url="queries/query_operators/query_operators.htm#IS_NULL" />
    <item name="instr" url="queries/query_operators/query_operators.htm#instr" />
    <item name="Dates" url="queries/query_operators/query_operators.htm#Dates" />
  </book>
</book>
<book name="Configuring User Tabs" >
  <item name="Configuring User Tabs" url="configuring_user_tabs/configuring_user_tabs.htm" />
  <item name="Adding Pods to a User Tab" url="configuring_user_tabs/configuring_user_tabs.htm#Adding_Pods_to_a_User_Tab" />
  <item name="The Pod Library" url="configuring_user_tabs/the_pod_library.htm" />
  <item name="Dragging Pods to a User Tab" url="configuring_user_tabs/the_pod_library.htm#Dragging_Pods_to_a_User_Tab" />
  <item name="Changing the order and naming of User Tabs" url="configuring_user_tabs/changing_the_order_and_naming_of_user_tabs.htm" />
  <item name="Renaming User Tabs" url="configuring_user_tabs/changing_the_order_and_naming_of_user_tabs.htm#_Renaming_User_Tabs" />
  <item name="Changing the order of User Tabs" url="configuring_user_tabs/changing_the_order_and_naming_of_user_tabs.htm#Changing_the_order_of_User_Tabs" />
  <item name="Setting the visibility of Tabs" url="configuring_user_tabs/changing_the_order_and_naming_of_user_tabs.htm#Setting_the_visibility_of_Tabs" />
</book>
<book name="Enquiry Manager Worktray" >
  <item name="Enquiry Manager Worktray" url="enquiry_manager_worktray/enquiry_manager_worktray.htm" />
  <item name="Logging into the Enquiry Manager Worktray" url="enquiry_manager_worktray/enquiry_manager_worktray.htm#Logging_into_the_Enquiry_Manager_Worktray" />
  <item name="Enquiry Manager Worktray Homepage" url="enquiry_manager_worktray/enquiry_manager_worktray_homepage.htm" />
  <book name="Editing Enquiry Details" >
    <item name="Enquiry Manager Detail" url="enquiry_manager_worktray/editing_enquiry_details/enquiry_manager_detail.htm" />
    <item name="Enquiry Id" url="enquiry_manager_worktray/editing_enquiry_details/enquiry_id.htm" />
    <item name="Enquiry Id    Edit" url="enquiry_manager_worktray/editing_enquiry_details/enquiry_id.htm#Enquiry_Id_Edit" />
    <item name="Recorded By    Display Only" url="enquiry_manager_worktray/editing_enquiry_details/enquiry_id.htm#Recorded_By_Display_Only" />
    <item name="Source    Display Only" url="enquiry_manager_worktray/editing_enquiry_details/enquiry_id.htm#Source_Display_Only" />
    <item name="Status     Edit    List" url="enquiry_manager_worktray/editing_enquiry_details/enquiry_id.htm#Status_Edit_List" />
    <item name="Priority    Edit    List" url="enquiry_manager_worktray/editing_enquiry_details/enquiry_id.htm#Priority_Edit_List" />
    <item name="Responsibility Of   Edit    List" url="enquiry_manager_worktray/editing_enquiry_details/enquiry_id.htm#Responsibility_Of_Edit_List" />
    <item name="Outcome    Edit    List" url="enquiry_manager_worktray/editing_enquiry_details/enquiry_id.htm#Outcome_Edit_List" />
  </book>
  <book name="Reviewing Enquiries" >
    <item name="Enquiries In Progress" url="enquiry_manager_worktray/reviewing_enquiries/enquiries_in_progress.htm" />
    <item name="Admin Unit   Radio Button    List" url="enquiry_manager_worktray/reviewing_enquiries/enquiries_in_progress.htm#Admin_Unit_Radio_Button_List" />
    <item name="User    Radio Button    List" url="enquiry_manager_worktray/reviewing_enquiries/enquiries_in_progress.htm#User_Radio_Button_List" />
    <item name="Enquiries at Received Status" url="enquiry_manager_worktray/reviewing_enquiries/enquiries_at_received_status.htm" />
    <item name="Quick Edit" url="enquiry_manager_worktray/reviewing_enquiries/quick_edit.htm" />
    <item name="Enquiry Id" url="enquiry_manager_worktray/reviewing_enquiries/quick_edit.htm#Enquiry_Id_1" />
    <item name="Enquiry Manager Summary" url="enquiry_manager_worktray/reviewing_enquiries/enquiry_manager_summary.htm" />
    <item name="Edit Enquiry Details" url="enquiry_manager_worktray/reviewing_enquiries/enquiry_manager_summary.htm#Edit_Enquiry_Details" />
  </book>
  <book name="Toolbar" >
    <item name="Toolbar" url="enquiry_manager_worktray/toolbar/toolbar.htm" />
    <item name="Change Id" url="enquiry_manager_worktray/toolbar/toolbar.htm#Change_Id" />
    <item name="Map" url="enquiry_manager_worktray/toolbar/toolbar.htm#Map" />
    <item name="Documents" url="enquiry_manager_worktray/toolbar/toolbar.htm#Documents" />
    <item name="Raise Defect" url="enquiry_manager_worktray/toolbar/toolbar.htm#Raise_Defect_1" />
    <item name="Save" url="enquiry_manager_worktray/toolbar/toolbar.htm#Save" />
    <item name="Cancel" url="enquiry_manager_worktray/toolbar/toolbar.htm#Cancel" />
    <book name="Raise Defect" >
      <item name="Raise Defect" url="enquiry_manager_worktray/toolbar/raise_defect/raise_defect.htm" />
    </book>
  </book>
  <book name="Tabs" >
    <item name="Enquiry Details Tab" url="enquiry_manager_worktray/tabs/enquiry_details_tab.htm" />
    <item name="Category    Display Only" url="enquiry_manager_worktray/tabs/enquiry_details_tab.htm#Category_Display_Only" />
    <item name="Class     Display Only" url="enquiry_manager_worktray/tabs/enquiry_details_tab.htm#Class_Display_Only" />
    <item name="Type     Display Only" url="enquiry_manager_worktray/tabs/enquiry_details_tab.htm#Type_Display_Only" />
    <item name="Road     Edit" url="enquiry_manager_worktray/tabs/enquiry_details_tab.htm#Road_Edit" />
    <item name="Description    Edit" url="enquiry_manager_worktray/tabs/enquiry_details_tab.htm#Description_Edit" />
    <item name="Location    Edit" url="enquiry_manager_worktray/tabs/enquiry_details_tab.htm#Location_Edit" />
    <item name="Description    Edit" url="enquiry_manager_worktray/tabs/enquiry_details_tab.htm#Description_Edit_1" />
    <item name="Contact Details Tab" url="enquiry_manager_worktray/tabs/contact_details_tab.htm" />
    <item name="Dates Tab" url="enquiry_manager_worktray/tabs/dates_tab.htm" />
    <item name="Complete Date   Edit    List" url="enquiry_manager_worktray/tabs/dates_tab.htm#Complete_Date_Edit_List" />
    <item name="Date Arrived    Edit    List" url="enquiry_manager_worktray/tabs/dates_tab.htm#Date_Arrived_Edit_List" />
    <item name="Time Arrived    Edit    List" url="enquiry_manager_worktray/tabs/dates_tab.htm#Time_Arrived_Edit_List" />
    <item name="Reason for Late Arrival  Edit" url="enquiry_manager_worktray/tabs/dates_tab.htm#Reason_for_Late_Arrival_Edit" />
    <item name="History Tab" url="enquiry_manager_worktray/tabs/history_tab.htm" />
    <item name="Defects Tab" url="enquiry_manager_worktray/tabs/defects_tab.htm" />
  </book>
</book>
<book name="Work Order Authorisation and Instruction Worktray" >
  <item name="Work Order Authorisation and Instruction Worktray" url="work_order_authorisation_and_instruction_worktray/work_order_authorisation_and_instruction_worktray.htm" />
  <item name="Logging into the Work Order Authorisation and Instruction Worktray" url="work_order_authorisation_and_instruction_worktray/work_order_authorisation_and_instruction_worktray.htm#Logging_into_the_Work_Order_Authorisation_and_Instruction_Worktray" />
  <item name="Work Order Authorisation and Instruction Worktray Homepage" url="work_order_authorisation_and_instruction_worktray/work_order_authorisation_and_instruction_worktray_homepage.htm" />
  <item name="Work Order Summary" url="work_order_authorisation_and_instruction_worktray/work_order_authorisation_and_instruction_worktray_homepage.htm#Work_Order_Summary" />
  <item name="Work Order Worktray Additional Functional Areas" url="work_order_authorisation_and_instruction_worktray/work_order_worktray_additional_functional_areas.htm" />
  <item name="Set Location" url="work_order_authorisation_and_instruction_worktray/work_order_worktray_additional_functional_areas.htm#Set_Location" />
  <item name="WO Number (Hover &amp; Drill)" url="work_order_authorisation_and_instruction_worktray/work_order_worktray_additional_functional_areas.htm#WO_Number_Hover_Drill_" />
  <item name="No Of Lines (Drill)" url="work_order_authorisation_and_instruction_worktray/work_order_worktray_additional_functional_areas.htm#No_Of_Lines_Drill_" />
  <item name="Est Cost (Drill)" url="work_order_authorisation_and_instruction_worktray/work_order_worktray_additional_functional_areas.htm#Est_Cost_Drill_" />
  <item name="Authorise (Checkbox)" url="work_order_authorisation_and_instruction_worktray/work_order_worktray_additional_functional_areas.htm#Authorise_Checkbox_" />
  <item name="Instruct (Checkbox)" url="work_order_authorisation_and_instruction_worktray/work_order_worktray_additional_functional_areas.htm#Instruct_Checkbox_" />
  <item name="Forward (Checkbox)" url="work_order_authorisation_and_instruction_worktray/work_order_worktray_additional_functional_areas.htm#Forward_Checkbox_" />
</book>
<book name="Appendix 1" >
  <item name="Find Roadworks Likely Impact Algorithm" url="appendix_1/find_roadworks_likely_impact_algorithm.htm" />
  <item name="Introduction" url="appendix_1/find_roadworks_likely_impact_algorithm.htm#Introduction" />
  <book name="Scoring" >
    <item name="Determining Works Score" url="appendix_1/scoring/determine_works_score_.htm" />
    <item name="Works Category" url="appendix_1/scoring/determine_works_score_.htm#Works_Category" />
    <item name="Traffic Management" url="appendix_1/scoring/determine_works_score_.htm#Traffic_Management" />
    <item name="Applicable Designations" url="appendix_1/scoring/determine_works_score_.htm#Applicable_Designations" />
    <item name="Works Location Characteristics" url="appendix_1/scoring/determine_works_score_.htm#Works_Location_Characteristics" />
    <item name="Reinstatement Category" url="appendix_1/scoring/determine_works_score_.htm#Reinstatement_Category" />
    <item name="Traffic Sensitivity" url="appendix_1/scoring/determine_works_score_.htm#Traffic_Sensitivity" />
    <item name="Score Categorisation" url="appendix_1/scoring/determine_works_score_.htm#Score_Categorisation" />
  </book>
</book>

</tocdata>
