YEAR_RECORD|STATE_CODE|ROUTE_ID|BEGIN_POINT|END_POINT|SECTION_LENGTH|SAMPLE_ID
2010|41|27000I00|64.73|65.56|.83|1027006473
2010|41|27000I00|66.34|67.22|.88|1027006634
2010|41|27200I00|.31|.41|.1|1027200031
2010|41|27200I00|37.1|37.58|.48|1027203710
2010|41|30000I00|-1.97|-.5|1.47|01003000X197
2010|41|33300I00|5.57|6.05|.48|1033300557
2010|41|34100I00|2.23|6.19|3.96|1034100223
2010|41|36000I00|.09|1|.91|1036000000
2010|41|41000I00|.5|2.71|2.21|1041000076
2010|41|45600I00|2.16|3.16|1|1045600216
2010|41|45600I00|22.19|30.92|8.73|1045602779
2010|41|45600I00|98.22|99.22|1|1045609822
2010|41|00100I00|30.49|31.3|.81|000I00503049
2010|41|00100I00|80.83|80.96|.13|000I00508083
2010|41|00100I00|86.14|87.36|1.22|000I00508614
2010|41|00100I00|103.95|106.71|2.76|000I00510395
2010|41|00100I00|121.18|121.69|.51|000I00512118
2010|41|00100I00|121.69|122.31|.62|000I00512169
2010|41|00100I00|123.92|124.14|.22|000I00512392
2010|41|00100I00|125.24|126.52|1.28|000I00512524
2010|41|00100I00|129.08|129.32|.24|000I00512907
2010|41|00100I00|142.18|144.65|2.47|000I00514218
2010|41|00100I00|148.42|150.32|1.9|000I00514842
2010|41|00100I00|161.71|162.14|.43|000I00516171
2010|41|00100I00|163.49|164.28|.79|000I00516349
2010|41|00100I00|168.01|168.46|.45|000I00516801
2010|41|00100I00|174.73|175.4|.67|000I00517473
2010|41|00100I00|188.95|189.07|.12|000I00518895
2010|41|00100I00|192.27|192.52|.25|000I00519227
2010|41|00100I00|234.76|235.13|.37|000I00523476
2010|41|00100I00|237.67|238.61|.94|000I00523767
2010|41|00100I00|241.44|241.61|.17|000I00524144
2010|41|00100I00|244.68|248.32|3.64|000I00524468
2010|41|00100I00|281.33|281.75|.42|000I00528133
2010|41|00100I00|287.42|288.51|1.09|000I00528742
2010|41|00100I00|291.27|292.2|.93|000I00529127
2010|41|00100I00|294.48|295.04|.56|000I00529421
2010|41|00100I00|304.5|304.74|.24|000I00530450
2010|41|00100I00|307.97|308.38|.41|000I00530798
2010|41|00200I00|2.55|3.56|1.01|1000200255
2010|41|00200I00|3.85|4.12|.27|1000200385
2010|41|00200I00|6.73|7.1|.37|1000200673
2010|41|00200I00|14.05|14.42|.37|000I08401405
2010|41|00200I00|14.42|15.97|1.55|000I08401514
2010|41|00200I00|22.1|24.99|2.89|000I08402210
2010|41|00200I00|24.99|27.86|2.87|000I08402499
2010|41|00200I00|36.22|36.44|.22|000I08403622
2010|41|00200I00|40.27|40.83|.56|000I08404027
2010|41|00200I00|42.09|43.42|1.33|000I08403359
2010|41|00200I00|45.64|46.1|.46|000I08403696
2010|41|00200I00|56.04|59.15|3.11|000I08405604
2010|41|00200I00|69.84|71|1.16|000I08406984
2010|41|00200I00|80.72|81.39|.67|000I08407204
2010|41|00200I00|87.01|87.79|.78|000I08408701
2010|41|00200I00|110.46|110.97|.51|000I08411046
2010|41|00200I00|125.5|128.76|3.26|000I08412550
2010|41|00400I00|9.46|12.17|2.71|1000400946
2010|41|00400I00|16.02|20.25|4.23|1000401602
2010|41|00400I00|74.26|74.83|.57|1000407426
2010|41|00400I00|278.03|278.38|.35|1000427713
2010|41|00500I00|8.94|15.41|6.47|1000500894
2010|41|00500I00|45.29|49.14|3.85|1000504532
2010|41|00500I00|69.07|72|2.93|1000506907
2010|41|00500I00|78.56|80.9|2.34|1000507864
2010|41|00500I00|108.14|114.12|5.98|1000510564
2010|41|00500I00|144.5|148.24|3.74|1000514400
2010|41|00500I00|274.96|277.88|2.92|500000275510
2010|41|00600I00|213.32|213.71|.39|000I08421332
2010|41|00600I00|213.71|216.04|2.33|000I08420503
2010|41|00600I00|239.21|243.82|4.61|000I08423053
2010|41|00600I00|259.42|261.88|2.46|000I08425074
2010|41|00600I00|285.68|286.2|.52|000I08428568
2010|41|00600I00|335.76|338.11|2.35|000I08433576
2010|41|00600I00|376.72|377.76|1.04|000I08437672
2010|41|00600I00|377.91|378.01|.1|000I08436924
2010|41|00700I00|6.22|15.13|8.91|1000701242
2010|41|00700I00|15.13|17.6|2.47|1000701513
2010|41|00700I00|131.5|131.91|.41|1000713150
2010|41|00700I00|133.03|134.29|1.26|1000713251
2010|41|00700I00|147.95|154.88|6.93|1000715000
2010|41|00700I00|205.6|211.03|5.43|1000720560
2010|41|00800I00|26.83|26.93|.1|1000802683
2010|41|00900I00|47.54|48.53|.99|1000904777
2010|41|00900I00|56.59|57.17|.58|1000905659
2010|41|00900I00|61.07|62.07|1|1000906107
2010|41|00900I00|96.76|97.31|.55|1000909631
2010|41|00900I00|238.5|238.6|.1|1000923848
2010|41|00900I00|293.62|295.56|1.94|1000929465
2010|41|00900I00|306.46|310.82|4.36|1000930646
2010|41|00900I00|328.48|329.48|1|1000932844
2010|41|00900I00|336.5|340.32|3.82|1000933650
2010|41|00900I00|358.19|358.57|.38|1000935819
2010|41|01000I00|54.98|57.93|2.95|1001005498
2010|41|01100I00|37.26|43.11|5.85|1001104281
2010|41|01200I00|.63|.73|.1|120000630
2010|41|01500D00|1.5|1.6|.1|1001500151
2010|41|01500I00|23.94|28.62|4.68|1001502396
2010|41|01500I00|41.34|45.39|4.05|1001504134
2010|41|01500I00|93.12|97.46|4.34|1001509312
2010|41|01500I00|101.24|106.29|5.05|1001510124
2010|41|01600I00|.15|.25|.1|1001600000
2010|41|01600I00|30.29|31.19|.9|X01001603029
2010|41|01600I00|87.02|88.02|1|1001608703
2010|41|01700I00|4.86|5.86|1|1001700486
2010|41|01700I00|18.51|18.61|.1|1000413508
2010|41|01800I00|46.73|48.75|2.02|1001804673
2010|41|01900I00|41.75|51.75|10|1001905073
2010|41|01900I00|51.75|53.96|2.21|1001905295
2010|41|01900I00|97.62|98.36|.74|1001909762
2010|41|02000I00|58.11|60.67|2.56|1002005811
2010|41|02000I00|66.93|70.48|3.55|1002006742
2010|41|02000I00|82.05|89.06|7.01|1002008553
2010|41|02200I00|1.24|1.59|.35|1002200124
2010|41|02200I00|21.89|22.34|.45|1002202189
2010|41|02200I00|57.31|61.94|4.63|10022005731
2010|41|02500I00|14.71|15.71|1|1002501471
2010|41|02500I00|21.59|22.59|1|1002502159
2010|41|02600I00|21.1|22.1|1|1002602110
2010|41|02700I00|50.56|53.59|3.03|1002705233
2010|41|02800I00|.7|1.02|.32|1002800073
2010|41|02800I00|56.21|60.89|4.68|X01002805561
2010|41|02800I00|86.15|90.18|4.03|1002808975
2010|41|03000I00|16.2|18.61|2.41|1003001612
2010|41|03100I00|.23|1.32|1.09|1003100079
2010|41|03100I00|6.41|8.43|2.02|1003100641
2010|41|03200I00|1.42|10.96|9.54|320000008390
2010|41|03200I00|17.81|19.36|1.55|1003201781
2010|41|03300I00|42.63|43.63|1|1003304263
2010|41|03300I00|54.65|55.15|.5|1003305466
2010|41|03500I00|23.72|28.59|4.87|1003502372
2010|41|03600I00|.88|2.8|1.92|10036000088
2010|41|03600I00|27.87|30.03|2.16|1003602870
2010|41|04000I00|.97|1.14|.17|1004000111
2010|41|04100I00|66.78|72.52|5.74|1004106679
2010|41|04200I00|40.79|48.81|8.02|1004204072
2010|41|04500I00|22.75|28.23|5.48|1004502663
2010|41|04500I00|38.61|40.04|1.43|1004503994
2010|41|04700D00|73.44|73.72|.28|0010047W7344
2010|41|04700I00|30.75|31.75|1|1004703074
2010|41|04700I00|69.19|70.22|1.03|1004706878
2010|41|04800I00|21.21|24.75|3.54|1004801772
2010|41|05200I00|38.23|43|4.77|1005203884
2010|41|05800I00|3.63|3.73|.1|1005800363
2010|41|05800I00|4.46|4.56|.1|1005800446
2010|41|06100I00|2.2|2.58|.38|000I40500220
2010|41|06100I00|2.68|3.12|.44|000I40500268
2010|41|06300I00|.41|1.41|1|1006300041
2010|41|06300I00|4.51|4.82|.31|1006300463
2010|41|06300I00|8.13|8.56|.43|1006300809
2010|41|06300I00|11.37|11.49|.12|1006301137
2010|41|06400I00|5.13|6|.87|000I20500513
2010|41|06400I00|8.8|9.31|.51|000I20529674
2010|41|06400I00|11.05|12.67|1.62|000I20501105
2010|41|06400I00|25.65|26.56|.91|0I2050025660
2010|41|06600I00|2.77|2.91|.14|1006600280
2010|41|06600I00|2.91|4.43|1.52|1006600332
2010|41|06700I00|4.63|4.73|.1|1006700465
2010|41|06800I00|0|.24|.24|1006800000
2010|41|06900I00|6.18|6.83|.65|1006900625
2010|41|06900I00|6.83|7.16|.33|1006900697
2010|41|07000I00|.41|.76|.35|000I08200040
2010|41|07000I00|1.85|4.18|2.33|000I08200185
2010|41|07000I00|4.18|4.83|.65|000I08200418
2010|41|07100I00|0|1.89|1.89|1099902370
2010|41|08100I00|2.73|3.07|.34|1008100297
2010|41|08100I00|32.29|32.7|.41|1008103232
2010|41|08100I00|46.26|46.36|.1|1081004626
2010|41|09100I00|1.53|1.63|.1|910001320000
2010|41|09100I00|49.72|50.72|1|1009104972
2010|41|09100I00|57.81|58.81|1|1009105781
2010|41|09100I00|84.31|84.49|.18|1009108431
2010|41|09100I00|117.89|118.35|.46|1009111789
2010|41|09100I00|123.1|123.37|.27|1009112330
2010|41|09200I00|1.48|1.97|.49|00030XPWY148
2010|41|09200I00|3.92|4.13|.21|1009200432
2010|41|09200I00|40.47|41.47|1|1009204047
2010|41|09200I00|96.7|96.8|.1|1009209669
2010|41|10200I00|1.61|2.14|.53|1010200161
2010|41|10200I00|29.58|38.64|9.06|10102002958
2010|41|10400I00|4.43|6.03|1.6|1000901009
2010|41|11000I00|0|.41|.41|1011000000
2010|41|13000I00|5.24|8.52|3.28|10013000524
2010|41|13800I00|1.09|1.19|.1|103310000111
2010|41|13800I00|34.79|38.88|4.09|1013803479
2010|41|14000I00|.51|.64|.13|1014000050
2010|41|14100I00|3.02|3.12|.1|1014100296
2010|41|14400I00|4.95|5.9|.95|1014400495
2010|41|14400I00|5.9|6.69|.79|1014400575
2010|41|16200I00|1.91|4.06|2.15|241016200403
2010|41|16200I00|73.85|75.78|1.93|1016207385
2010|41|17100I00|-.01|.09|.1|1017100007
2010|41|17100I00|25.19|29.18|3.99|10017102519
2010|41|17400I00|2.61|3.75|1.14|1017400281
2010|41|19100I00|1.79|2.13|.34|X01019100179
2010|41|20000I00|.08|2.03|1.95|1020000000
2010|41|21000I00|17.64|17.74|.1|1021001764
2010|41|21100I00|21.94|24.23|2.29|211000022430
2010|41|22500I00|.18|.61|.43|1022500038
2010|41|22700I00|4.67|6.09|1.42|1022700469
2010|41|22900I00|38.95|42.87|3.92|2290038950
2010|41|23300I00|10.32|20.32|10|233000010320
2010|41|27000I00|40.45|50.37|9.92|1027004449
2010|41|27000I00|68.17|68.61|.44|1027006817
2010|41|27200I00|37.72|38.08|.36|154041600000
2010|41|28200I00|1.82|2.82|1|1028200182
2010|41|30100I00|2.92|4.8|1.88|1030100292
2010|41|37000I00|2.61|3.84|1.23|1037000261
2010|41|38000I00|1.35|1.5|.15|1038000135
2010|41|38000I00|16.48|26.07|9.59|10380001648
2010|41|45500I00|25.2|25.44|.24|1045502522
2010|41|45600I00|52.65|59.38|6.73|1045605265
2010|41|00100I00|11.59|13.12|1.53|000I00501159
2010|41|00100I00|14.17|14.96|.79|000I00501417
2010|41|00100I00|16.69|17.41|.72|000I00501669
2010|41|00100I00|23.19|24.4|1.21|000I00502319
2010|41|00100I00|27.27|27.58|.31|000I00502727
2010|41|00100I00|31.3|32.75|1.45|000I00503130
2010|41|00100I00|33.97|35.62|1.65|000I00503397
2010|41|00100I00|48.82|49.1|.28|000I00504882
2010|41|00100I00|95.82|98.28|2.46|000I00509582
2010|41|00100I00|101.33|101.89|.56|000I00510133
2010|41|00100I00|108.42|110.36|1.94|000I00510842
2010|41|00100I00|112.68|113.44|.76|000I00511267
2010|41|00100I00|119.94|120.41|.47|000I00511994
2010|41|00100I00|120.41|120.6|.19|000I00512041
2010|41|00100I00|122.81|123.92|1.11|000I00512281
2010|41|00100I00|128.77|129.08|.31|000I00512877
2010|41|00100I00|138.36|139.97|1.61|000I00513836
2010|41|00100I00|140.53|141|.47|000I00514053
2010|41|00100I00|154.88|159.28|4.4|000I00515488
2010|41|00100I00|168.46|172.41|3.95|000I00516846
2010|41|00100I00|190.03|190.74|.71|000I00519003
2010|41|00100I00|200.15|203.55|3.4|000I00520015
2010|41|00100I00|216.57|216.84|.27|000I00521657
2010|41|00100I00|235.13|235.67|.54|000I00523513
2010|41|00100I00|240.66|241.44|.78|000I00524066
2010|41|00100I00|248.32|248.62|.3|000I00524822
2010|41|00100I00|248.62|249.5|.88|000I00524871
2010|41|00100I00|258.66|258.95|.29|000I00525866
2010|41|00100I00|260.22|262.4|2.18|000I00526022
2010|41|00100I00|283.11|283.88|.77|000I00528321
2010|41|00100I00|289.5|290.48|.98|000I00528950
2010|41|00100I00|293.82|294.48|.66|000I00529382
2010|41|00100I00|296.55|297.31|.76|000I00529655
2010|41|00100I00|302.35|302.68|.33|000I00530235
2010|41|00100I00|304.74|304.93|.19|000I00530474
2010|41|00100I00|305.44|305.98|.54|000I00530544
2010|41|00200I00|10.07|13.03|2.96|000I08400139
2010|41|00200I00|15.97|16.69|.72|000I08401597
2010|41|00200I00|35.15|35.84|.69|000I08403554
2010|41|00200I00|41.33|42.09|.76|000I08403265
2010|41|00200I00|45.24|45.64|.4|000I08404524
2010|41|00200I00|59.15|61.14|1.99|000I08405047
2010|41|00200I00|76.62|80.72|4.1|000I08407662
2010|41|00200I00|109.95|110.46|.51|000I08410995
2010|41|00200I00|137.35|137.93|.58|000I08412867
2010|41|00200I00|140.97|147.35|6.38|000I08413229
2010|41|00400D00|92.08|92.3|.22|1000409208
2010|41|00400I00|115.79|117.34|1.55|1000411579
2010|41|00400I00|272.97|273.62|.65|1000427298
2010|41|00400I00|274.04|274.14|.1|1000427404
2010|41|00400I00|278.38|279.32|.94|1000427881
2010|41|00500I00|39.52|43.61|4.09|1000503952
2010|41|00600I00|206.69|207.1|.41|000I08419813
2010|41|00600I00|235.05|237.92|2.87|000I08423505
2010|41|00600I00|238.77|239.21|.44|000I08423877
2010|41|00600I00|243.82|243.99|.17|000I08424382
2010|41|00600I00|265.51|268.26|2.75|000I08425683
2010|41|00600I00|278.64|283.64|5|000I08427864
2010|41|00600I00|302.71|303.21|.5|000I08429403
2010|41|00600I00|324.6|327.15|2.55|000I08432460
2010|41|00600I00|342.6|343.37|.77|000I08434260
2010|41|00600I00|343.37|345.83|2.46|000I08433469
2010|41|00600I00|356.11|362.15|6.04|000I08435611
2010|41|00600I00|377.76|377.91|.15|000I08437776
2010|41|00700I00|24.24|34.25|10.01|700000026040
2010|41|00700I00|134.29|138.3|4.01|1000713408
2010|41|00800I00|0|.32|.32|1000800000
2010|41|00900I00|53.93|54.93|1|1000905440
2010|41|00900I00|72.98|73.98|1|1000907298
2010|41|00900I00|132.96|133.96|1|1000913296
2010|41|00900I00|177.88|184.65|6.77|1000917950
2010|41|00900I00|234.65|234.75|.1|1000923465
2010|41|00900I00|289.18|289.28|.1|1000928787
2010|41|00900I00|302.44|304.34|1.9|1000930226
2010|41|01000I00|34.14|41.73|7.59|1001003300
2010|41|01400I00|6.02|7.64|1.62|1001400602
2010|41|01700I00|19.66|19.91|.25|400000136470
2010|41|01700I00|20.47|20.65|.18|1001702047
2010|41|01800I00|6|7|1|1001800600
2010|41|01800I00|76.68|82.34|5.66|1001807668
2010|41|01900I00|59.06|69.06|10|1001906400
2010|41|01900I00|110.65|120.57|9.92|190000110650
2010|41|01900I00|120.57|126.11|5.54|190000120570
2010|41|02000I00|60.71|63.39|2.68|1002005811
2010|41|02100I00|44.17|48.71|4.54|1002104337
2010|41|02200I00|2.64|3.65|1.01|1002200277
2010|41|02500I00|35.55|36.96|1.41|1002503596
2010|41|02600I00|69.2|76|6.8|1002606920
2010|41|02800I00|41.96|46.97|5.01|280000041960
2010|41|02800I00|55.61|56.16|.55|X01002805561
2010|41|02900I00|17.35|17.46|.11|1002901735
2010|41|03300D00|50.28|50.58|.3|1003305011
2010|41|03500I00|40.68|44.95|4.27|1003504068
2010|41|03500I00|44.95|47.75|2.8|X01003504495
2010|41|03500I00|74.46|74.9|.44|1003507446
2010|41|03500I00|76.22|76.43|.21|1003507648
2010|41|04100I00|.51|.61|.1|1004100051
2010|41|04100I00|88.68|96.89|8.21|1004108868
2010|41|04500I00|.64|2.2|1.56|1004500162
2010|41|04500I00|2.64|3.66|1.02|1004500405
2010|41|04500I00|45.78|47.47|1.69|1004504580
2010|41|04500I00|56.27|56.37|.1|1004505411
2010|41|04700I00|15.12|17.62|2.5|1004701512
2010|41|04700I00|33.49|34.16|.67|1004703350
2010|41|04800I00|31.49|35.39|3.9|1004802793
2010|41|04800I00|35.42|36.24|.82|1004802793
2010|41|04800I00|36.24|40.38|4.14|X01004803624
2010|41|04900I00|64.38|67.7|3.32|1004906563
2010|41|05200I00|27.51|27.88|.37|1005202761
2010|41|05200I00|46.76|49.45|2.69|1005204735
2010|41|05300I00|85.27|92.63|7.36|1005308527
2010|41|05800I00|.42|.65|.23|580000000000
2010|41|05800I00|2.11|2.25|.14|1005800211
2010|41|06200I00|32.44|34.9|2.46|1006203260
2010|41|06200I00|36.63|40.78|4.15|1006204030
2010|41|06300I00|11.93|12.59|.66|1006301193
2010|41|06300I00|21.96|22.52|.56|1006302192
2010|41|06400I00|0|1.27|1.27|000I20528847
2010|41|06400I00|6|6.4|.4|000I20500600
2010|41|06400I00|6.4|8.8|2.4|000I20500640
2010|41|06400I00|13.11|13.64|.53|000I20501311
2010|41|06400I00|13.64|14.58|.94|000I20501364
2010|41|06400I00|22.61|22.88|.27|0I2050002261
2010|41|06400I00|23.63|24.63|1|0I2050023630
2010|41|06600I00|40.59|46.44|5.85|1006604261
2010|41|06600I00|52.63|53.89|1.26|1006605263
2010|41|07100I00|49.17|49.51|.34|1001304424
2010|41|07200D00|4.36|4.52|.16|243170500213
2010|41|09100I00|21.35|22.05|.7|1009102236
2010|41|09100I00|25.51|25.75|.24|1009102551
2010|41|09100I00|40.92|42.96|2.04|1009104089
2010|41|09100I00|82.76|83.21|.45|1009108273
2010|41|09200I00|10.83|12.59|1.76|1009201083
2010|41|09200I00|19.35|20.35|1|1009201935
2010|41|09200I00|45.88|46.73|.85|1009204588
2010|41|09200I00|48.38|48.67|.29|1009204851
2010|41|09200I00|48.67|49.87|1.2|1009204882
2010|41|10200I00|88.61|88.92|.31|1010208861
2010|41|10500I00|.38|.94|.56|1010500038
2010|41|13100I00|8.08|9.08|1|1013100856
2010|41|14000I00|0|.18|.18|1014000000
2010|41|14000I00|20.73|21.2|.47|1014002080
2010|41|14400I00|3.02|3.79|.77|1014400302
2010|41|16200I00|50.94|52.96|2.02|1016205140
2010|41|16200I00|52.96|54.54|1.58|1016205256
2010|41|16200I00|61.28|66.4|5.12|1016206640
2010|41|17100I00|.68|2.13|1.45|1017100068
2010|41|17100IZ1|3.82|3.96|.14|1017100320
2010|41|17300I00|.51|3.71|3.2|1017300054
2010|41|19400I00|7.02|7.17|.15|1019400703
2010|41|21000I00|18.01|18.11|.1|223558000005
2010|41|21100I00|24.41|25.11|.7|2110024410
2010|41|21500I00|9.54|13.02|3.48|1021500954
2010|41|22600I00|14.76|14.86|.1|1022601476
2010|41|22600I00|15.36|15.82|.46|X01022601536
2010|41|22600I00|15.82|16.17|.35|1022601582
2010|41|227AII00|1.9|2.1|.2|203130500128
2010|41|23100I00|6.22|11.41|5.19|1023100748
2010|41|24000I00|4.65|5.07|.42|1024000454
2010|41|24400I00|14.71|16.6|1.89|1024401539
2010|41|26000I00|11.12|12.94|1.82|10260001112
2010|41|27000I00|21.47|29.25|7.78|1027002151
2010|41|27000I00|33.81|37.6|3.79|1027003381
2010|41|27000I00|53.86|57.15|3.29|1027005386
2010|41|27000I00|65.91|66.34|.43|1027006591
2010|41|27200I00|13.7|13.78|.08|1027201347
2010|41|27200I00|22.47|23.47|1|1027202247
2010|41|32000I00|19.91|23.86|3.95|1032001988
2010|41|33100I00|0|1.82|1.82|1033100000
2010|41|34100I00|36|44.16|8.16|341000036000
2010|41|45500I00|25.44|25.5|.06|X01045502544
2010|41|45500I00|25.75|27.26|1.51|X01045502544
2010|41|48000I00|120.42|120.64|.22|1000412042
2010|41|00100I00|.75|5.32|4.57|000I00500075
2010|41|00100I00|5.69|11.44|5.75|000I00500569
2010|41|00100I00|16.6|16.69|.09|000I00501660
2010|41|00100I00|17.41|18.54|1.13|000I00501741
2010|41|00100I00|18.54|18.72|.18|000I00501854
2010|41|00100I00|30.29|30.49|.2|000I00503029
2010|41|00100I00|32.75|33.97|1.22|000I00503275
2010|41|00100I00|45.4|45.93|.53|000I00504540
2010|41|00100I00|59.35|60.92|1.57|000I00505884
2010|41|00100I00|71.49|75.69|4.2|000I00507149
2010|41|00100I00|78.32|79.22|.9|000I00507832
2010|41|00100I00|81.45|83.11|1.66|000I00508145
2010|41|00100I00|116.49|117.73|1.24|000I00511649
2010|41|00100I00|144.65|146.28|1.63|000I00514465
2010|41|00100I00|150.32|154.88|4.56|000I00515032
2010|41|00100I00|175.4|176.76|1.36|000I00517540
2010|41|00100I00|189.2|189.65|.45|000I00518920
2010|41|00100I00|195.8|197.4|1.6|000I00519580
2010|41|00100I00|227.68|228.09|.41|000I00522768
2010|41|00100I00|233.23|234.4|1.17|000I00523323
2010|41|00100I00|234.4|234.76|.36|000I00523419
2010|41|00100I00|241.61|242.13|.52|000I00524161
2010|41|00100I00|258.34|258.66|.32|000I00525834
2010|41|00100I00|270.78|271.85|1.07|000I00527156
2010|41|00100I00|281.75|282.57|.82|000I00528175
2010|41|00100I00|296.34|296.55|.21|000I00529634
2010|41|00100I00|297.31|298.93|1.62|000I00529731
2010|41|00100I00|300.48|300.93|.45|000I00530048
2010|41|00100I00|301.22|301.7|.48|000I00530122
2010|41|00100I00|301.92|302.35|.43|000I00530191
2010|41|00100I00|305.98|306.68|.7|000I00530597
2010|41|00100I00|307.45|307.71|.26|000I00530747
2010|41|00100IZ1|11.44|11.47|.03|000I00500569
2010|41|00200I00|1.33|2.17|.84|1000200133
2010|41|00200I00|4.12|5.03|.91|1000200412
2010|41|00200I00|7.22|7.32|.1|1000200722
2010|41|00200I00|16.69|17.56|.87|000I08401669
2010|41|00200I00|17.78|17.89|.11|000I08400892
2010|41|00200I00|43.76|45.24|1.48|000I08403508
2010|41|00200I00|63.92|64.44|.52|000I08406392
2010|41|00200I00|64.44|64.75|.31|000I08406444
2010|41|00200I00|82.08|83.39|1.31|000I08408208
2010|41|00200I00|88.83|89.7|.87|000I08408883
2010|41|00200I00|89.7|95.91|6.21|000I08408057
2010|41|00200I00|108.94|109.95|1.01|000I08410026
2010|41|00200I00|114.23|114.55|.32|000I08411423
2010|41|00200I00|129.3|129.43|.13|000I08412930
2010|41|00200I00|134.46|136.95|2.49|000I08412578
2010|41|00200I00|137.93|138.2|.27|000I08413793
2010|41|00200I00|138.2|138.97|.77|000I08413820
2010|41|00200I00|193.46|203.28|9.82|1000219556
2010|41|00300I00|.64|.74|.1|1000300062
2010|41|00400I00|1.61|2.61|1|1000400161
2010|41|00400I00|12.17|13.22|1.05|1000401274
2010|41|00400I00|142.24|142.56|.32|1000414233
2010|41|00400I00|185.62|186.62|1|1000418562
2010|41|00400I00|192.25|195.15|2.9|1000419410
2010|41|00400I00|275.14|275.24|.1|1000427492
2010|41|00500I00|141.34|143.91|2.57|1000514134
2010|41|00500I00|204.52|210.54|6.02|X01000520452
2010|41|00500I00|251.86|254.17|2.31|500000257280
2010|41|00500I00|270.54|272.65|2.11|500000270430
2010|41|00600I00|177.98|179.43|1.45|000I08417798
2010|41|00600I00|203.65|204.42|.77|000I08420365
2010|41|00600I00|204.42|206.69|2.27|000I08419574
2010|41|00600I00|233.95|235.05|1.1|000I08423395
2010|41|00600I00|248.94|249.15|.21|000I08424894
2010|41|00600I00|259.22|259.42|.2|000I08425051
2010|41|00600I00|261.88|262.95|1.07|000I08426188
2010|41|00600I00|304.13|306.28|2.15|000I08430413
2010|41|00600I00|306.28|306.7|.42|000I08429755
2010|41|00600I00|306.7|313.42|6.72|000I08429802
2010|41|00600I00|318.17|320.76|2.59|000I08430949
2010|41|00600I00|320.76|323.18|2.42|000I08431208
2010|41|00600I00|329.22|330.67|1.45|000I08432054
2010|41|00600I00|338.11|340.42|2.31|000I08433811
2010|41|00600I00|345.83|352|6.17|000I08433713
2010|41|00600I00|368.16|371.45|3.29|000I08435948
2010|41|00600I00|374.4|376.72|2.32|000I08436595
2010|41|00700I00|42.74|50.29|7.55|700000049290
2010|41|00700I00|175.06|177.53|2.47|1000717622
2010|41|00700I00|189.27|193.07|3.8|1000718927
2010|41|00800I00|-1.19|-.77|.42|X01000800119
2010|41|00900I00|57.17|58.17|1|1000905717
2010|41|00900I00|63.38|64.19|.81|1000906338
2010|41|00900I00|98.05|99.19|1.14|1000909790
2010|41|00900I00|113.02|113.12|.1|1000911276
2010|41|00900I00|126.97|127.97|1|1000912697
2010|41|00900I00|140.09|142.11|2.02|1000914198
2010|41|00900I00|280.62|281.62|1|1000928062
2010|41|00900I00|311.88|313.51|1.63|1000931200
2010|41|00900I00|316.67|318.37|1.7|1000931667
2010|41|00900I00|361.91|362.91|1|1000936191
2010|41|01000I00|19.96|20.07|.11|1001001775
2010|41|01000I00|33|34.11|1.11|1001003300
2010|41|01000I00|65.87|68.59|2.72|1001006587
2010|41|01500I00|2.96|3.06|.1|1001500296
2010|41|01500I00|4.61|4.71|.1|1001500461
2010|41|01500I00|38.49|39.68|1.19|1001503947
2010|41|00100I00|5.32|5.69|.37|000I00500532
2010|41|00100I00|55.46|58.16|2.7|000I00505578
2010|41|00100I00|58.16|59.35|1.19|000I00505816
2010|41|00100I00|66.28|66.58|.3|000I00506628
2010|41|00100I00|76.78|78.32|1.54|000I00507678
2010|41|00100I00|112.13|112.5|.37|000I00511213
2010|41|00100I00|115.6|116.49|.89|000I00511560
2010|41|00100I00|117.73|119.94|2.21|000I00511750
2010|41|00100I00|126.52|127.04|.52|000I00512652
2010|41|00100I00|164.28|168.01|3.73|000I00516428
2010|41|00100I00|203.55|209.06|5.51|000I00520355
2010|41|00100I00|216.84|227.68|10.84|000I00521684
2010|41|00100I00|258.95|260.22|1.27|000I00525895
2010|41|00100I00|282.57|282.65|.08|000I00528257
2010|41|00100I00|282.99|283.11|.12|000I00528300
2010|41|00100I00|285.88|286.18|.3|000I00528588
2010|41|00100I00|289.17|289.5|.33|000I00528917
2010|41|00100I00|293.43|293.82|.39|000I00529343
2010|41|00100I00|295.53|296.34|.81|000I00529553
2010|41|00100I00|298.93|299.23|.3|000I00529875
2010|41|00100I00|300.28|300.48|.2|000I00530028
2010|41|00100I00|300.93|301.22|.29|000I00530092
2010|41|00100I00|303.47|303.71|.24|000I00530347
2010|41|00100IZ1|11.44|11.47|.03|000I00501145
2010|41|001RLI00|289.56|289.7|.14|001RL0289560
2010|41|00200I00|.66|1.21|.55|1000200048
2010|41|00200I00|3.56|3.85|.29|1000200356
2010|41|00200I00|7.1|7.22|.12|1000200710
2010|41|00200I00|17.56|17.78|.22|000I08401756
2010|41|00200I00|17.89|22.1|4.21|000I08401789
2010|41|00200I00|41.05|41.33|.28|000I08403237
2010|41|00200I00|46.1|47.53|1.43|000I08404610
2010|41|00200I00|64.75|67.72|2.97|000I08406487
2010|41|00200I00|131.5|134.46|2.96|000I08413150
2010|41|00200I00|138.97|140.97|2|000I08413029
2010|41|00200I00|159.07|159.3|.23|000I08415907
2010|41|00200I00|175.74|178.7|2.96|1000217713
2010|41|00400I00|13.32|14.35|1.03|1000401333
2010|41|00400I00|92.46|92.56|.1|1000409209
2010|41|00400I00|135.46|136.01|.55|1000413546
2010|41|00400I00|195.57|199.06|3.49|1000419798
2010|41|00400I00|277.13|277.61|.48|1000427713
2010|41|00400I00|280.16|282.87|2.71|1000428016
2010|41|00500I00|19.82|23.44|3.62|1000502243
2010|41|00500I00|23.44|28.88|5.44|1000502344
2010|41|00500I00|105.44|108.02|2.58|1000510564
2010|41|00500I00|143.98|144.5|.52|1000514134
2010|41|00500I00|148.24|152.53|4.29|1000514824
2010|41|00500I00|191.3|199.61|8.31|X01000519130
2010|41|00500I00|223.76|230.7|6.94|1000522291
2010|41|00500I00|259.38|265.25|5.87|1000526306
2010|41|00600I00|167.58|171.13|3.55|000I08416758
2010|41|00600I00|188.04|188.83|.79|000I08417936
2010|41|00600I00|198.54|199.53|.99|000I08419854
2010|41|00600I00|207.1|207.47|.37|000I08419842
2010|41|00600I00|209.54|210.96|1.42|000I08420954
2010|41|00600I00|237.92|238.77|.85|000I08423792
2010|41|00600I00|249.15|252.83|3.68|000I08424047
2010|41|00600I00|265.01|265.51|.5|000I08426501
2010|41|00600I00|268.26|270.74|2.48|000I08426826
2010|41|00600I00|270.74|273.91|3.17|000I08427074
2010|41|00600I00|273.91|276.07|2.16|000I08427391
2010|41|00600I00|298.68|302.71|4.03|000I08429868
2010|41|00600I00|303.21|304.13|.92|000I08429453
2010|41|00600I00|317.59|318.17|.58|000I08431759
2010|41|00600I00|327.43|329.22|1.79|000I08432743
2010|41|00600I00|330.67|331.38|.71|000I08433067
2010|41|00600I00|353.41|355.7|2.29|000I08434473
2010|41|00600I00|355.7|356.11|.41|000I08434702
2010|41|00700I00|177.53|180.15|2.62|1000717753
2010|41|00900I00|3.67|3.77|.1|1000900367
2010|41|00900I00|37.19|42.83|5.64|1000904209
2010|41|00900I00|102.8|103.94|1.14|1000910295
2010|41|00900I00|149.5|150.5|1|1000914950
2010|41|00900I00|156.11|157.11|1|1000915618
2010|41|00900I00|167.61|177.83|10.22|1000916761
2010|41|00900I00|202.69|206.81|4.12|1000920433
2010|41|00900I00|239.24|239.48|.24|1000923935
2010|41|00900I00|242|243.57|1.57|1000924200
2010|41|00900I00|285.78|287.87|2.09|1000928578
2010|41|00900I00|345.54|348.83|3.29|1000934783
2010|41|01100I00|3.56|13.56|10|110000003560
2010|41|01200I00|0|.1|.1|1001200000
2010|41|01500D00|1.12|1.22|.1|1001500112
2010|41|01500I00|1.12|1.22|.1|1001500113
2010|41|01500I00|1.5|1.6|.1|1001500150
2010|41|01500I00|9.73|10.33|.6|1001500973
2010|41|01500I00|28.62|34.94|6.32|1001503350
2010|41|01600I00|34.86|39.84|4.98|1001603730
2010|41|01700I00|17.49|18.16|.67|1001701749
2010|41|01800I00|75.3|76.68|1.38|1001807530
2010|41|01800I00|83.34|86.45|3.11|1001808334
2010|41|01900I00|16.86|18.21|1.35|1001901686
2010|41|01900I00|126.11|135.53|9.42|1001912611
2010|41|01900I00|145.06|148.65|3.59|1001914540
2010|41|01900I00|148.65|157.73|9.08|1001914865
2010|41|02000I00|4.5|4.6|.1|1002000450
2010|41|02200I00|.05|.41|.36|10002200005
2010|41|02200I00|.89|1.24|.35|1002200089
2010|41|02600I00|17.57|18.25|.68|1002601757
2010|41|02600I00|19.81|20.81|1|1002601981
2010|41|02600I00|44.79|45.79|1|1002604479
2010|41|02800I00|6.68|10.07|3.39|280000006850
2010|41|02800I00|64.25|71.55|7.3|280000063960
2010|41|02800I00|116.62|120.18|3.56|1002811532
2010|41|02900I00|17.88|19.18|1.3|1002901788
2010|41|03000I00|24.08|24.91|.83|1003002409
2010|41|03300I00|53.49|53.61|.12|1003305349
2010|41|033AII00|54.08|54.2|.12|23203000008
2010|41|03500I00|73.9|74.46|.56|1003507390
2010|41|03600I00|30.03|30.68|.65|1003603003
2010|41|03700I00|27.8|28.8|1|1003702780
2010|41|04200I00|.03|1.89|1.86|1004200003
2010|41|04200I00|14.91|16.9|1.99|1004201491
2010|41|04200I00|18.11|18.32|.21|1004201811
2010|41|04200I00|34.6|40.3|5.7|1004203500
2010|41|04300I00|0|.3|.3|1004300000
2010|41|04700I00|53.7|54.7|1|1004705370
2010|41|04700I00|58.7|61.04|2.34|1004705900
2010|41|04700I00|62.34|64.29|1.95|1004706247
2010|41|04700I00|64.29|65.79|1.5|1004706405
2010|41|04700I00|71.17|71.41|.24|1004707195
2010|41|04700I00|72.18|72.42|.24|1004707235
2010|41|04800I00|10.08|10.21|.13|1004801030
2010|41|04900I00|.02|5.27|5.25|1004900000
2010|41|04900I00|5.36|10.12|4.76|1004900700
2010|41|06100I00|.99|1.17|.18|000I40500099
2010|41|06200I00|15.99|18.99|3|1006201465
2010|41|06400I00|3.16|5.13|1.97|000I20500316
2010|41|06400I00|16.57|16.83|.26|000I20530451
2010|41|06400I00|20.63|21.48|.85|0I2050002063
2010|41|06700I00|.59|1.15|.56|1006700059
2010|41|06900I00|4.24|5.62|1.38|1006900429
2010|41|07000I00|0|.41|.41|000I08200000
2010|41|07000I00|7.77|9.78|2.01|000I08200777
2010|41|07000I00|9.78|11.01|1.23|000I08200978
2010|41|07200D00|5.47|5.65|.18|243170500079
2010|41|08100I00|1.48|1.58|.1|1008100148
2010|41|08100I00|3.17|4.3|1.13|1008100318
2010|41|09100I00|7.61|7.8|.19|1009100761
2010|41|09100I00|15.23|16.67|1.44|1009101566
2010|41|09100I00|19.86|20.7|.84|1009101986
2010|41|09100I00|23.04|23.14|.1|1009102304
2010|41|09100I00|34.83|35.01|.18|910000034880
2010|41|09100I00|87.53|87.71|.18|1009108753
2010|41|09200I00|61.73|62.73|1|1009206173
2010|41|10200I00|80.83|82.03|1.2|1010208083
2010|41|10200I00|82.03|82.85|.82|1010208120
2010|41|10200I00|90.3|90.64|.34|343517500000
2010|41|14400I00|3.79|4.27|.48|1014400379
2010|41|14400I00|7.06|7.52|.46|1014400706
2010|41|15000I00|10.98|12.46|1.48|1015001098
2010|41|15100I00|.49|1.76|1.27|1015100113
2010|41|16000I00|.48|2.98|2.5|160000001650
2010|41|16200I00|1.17|1.42|.25|1016200129
2010|41|16200I00|34.61|38.48|3.87|1016203461
2010|41|17100I00|2.13|2.69|.56|1017100213
2010|41|17100I00|30.02|30.92|.9|10017102519
2010|41|18900I00|0|.1|.1|1018900000
2010|41|21000I00|5.36|7.03|1.67|1021000536
2010|41|22600I00|.55|.99|.44|2260000550
2010|41|22700I00|3.48|4.67|1.19|1022700351
2010|41|227ABI00|.96|1.37|.41|203133500000
2010|41|227AUI00|6.1|6.32|.22|227AU0006100
2010|41|23100I00|.19|1.66|1.47|1023100000
2010|41|23100I00|2.5|6.22|3.72|231000004290
2010|41|23100I00|11.41|13.29|1.88|1023101138
2010|41|26000I00|17.88|18.75|.87|10260001112
2010|41|27200I00|11.83|13.62|1.79|1027201347
2010|41|27200I00|31.09|31.63|.54|1027203109
2010|41|30000I00|.86|6.55|5.69|300000005180
2010|41|30000I00|82.36|83.2|.84|300000082580
2010|41|33300I00|6.05|6.81|.76|X01033300605
2010|41|43100I00|28.21|38|9.79|1043102821
2010|41|44200I00|16.74|22.29|5.55|1044201873
2010|41|45000I00|6.52|7.96|1.44|1045000652
2010|41|45500I00|19.65|21.61|1.96|455000021310
2010|41|00100I00|43.77|45.4|1.63|000I00504377
2010|41|00100I00|60.92|61.45|.53|000I00506092
2010|41|00100I00|61.45|66.28|4.83|000I00506145
2010|41|00100I00|66.58|67.11|.53|000I00506658
2010|41|00100I00|67.11|71.49|4.38|000I00506711
2010|41|00100I00|81|81.45|.45|000I00508083
2010|41|00100I00|110.36|112.13|1.77|000I00511036
2010|41|00100I00|134.72|135.14|.42|000I00513483
2010|41|00100I00|135.14|136.2|1.06|000I00513514
2010|41|00100I00|159.28|160.14|.86|000I00515928
2010|41|00100I00|162.14|162.39|.25|000I00516214
2010|41|00100I00|172.71|174.73|2.02|000I00517155
2010|41|00100I00|182.83|186.17|3.34|000I00518283
2010|41|00100I00|191.89|192.27|.38|000I00519189
2010|41|00100I00|192.87|193.48|.61|000I00519286
2010|41|00100I00|195.45|195.8|.35|000I00519545
2010|41|00100I00|199.15|200.15|1|000I00519915
2010|41|00100I00|209.06|216.57|7.51|000I00520906
2010|41|00100I00|235.67|237.67|2|000I00523567
2010|41|00100I00|242.13|243.53|1.4|000I00524213
2010|41|00100I00|244.46|244.68|.22|000I00524446
2010|41|00100I00|249.5|250.13|.63|000I00524950
2010|41|00100I00|253.88|256.14|2.26|000I00525388
2010|41|00100I00|278.32|278.67|.35|000I00527832
2010|41|00100I00|278.67|280.81|2.14|000I00527867
2010|41|00100I00|288.51|289.17|.66|000I00528851
2010|41|00100I00|290.48|291.27|.79|000I00529048
2010|41|00100I00|292.77|292.91|.14|000I00529277
2010|41|00100I00|293.13|293.32|.19|000I00529313
2010|41|00100I00|301.7|301.92|.22|000I00530170
2010|41|00100I00|303.71|303.88|.17|000I00530371
2010|41|00100I00|306.68|307.45|.77|000I00530668
2010|41|001BEI00|27.43|27.73|.3|00101BE02756
2010|41|00200I00|2.17|2.35|.18|1000200217
2010|41|00200I00|5.72|6.18|.46|1000200582
2010|41|00200I00|9.7|10.07|.37|000I08400970
2010|41|00200I00|36.63|37.65|1.02|000I08403663
2010|41|00200I00|43.42|43.76|.34|000I08404342
2010|41|00200I00|50.99|56.04|5.05|000I08405099
2010|41|00200I00|71|76.62|5.62|000I08407100
2010|41|00200I00|83.39|83.55|.16|000I08407471
2010|41|00200I00|83.55|84.15|.6|000I08408355
2010|41|00200I00|110.97|114.23|3.26|000I08410229
2010|41|00200I00|114.55|123.31|8.76|000I08410587
2010|41|00200I00|129.04|129.3|.26|000I08412036
2010|41|00200I00|129.43|130.87|1.44|000I08412943
2010|41|00400I00|57.93|67.17|9.24|1000405793
2010|41|00400I00|145.48|146.48|1|1000414548
2010|41|00500I00|15.41|16.83|1.42|1000501540
2010|41|00500I00|28.88|34.81|5.93|1000502888
2010|41|00500I00|49.41|52.06|2.65|1000505050
2010|41|00500I00|181.97|183.21|1.24|1000518197
2010|41|00500I00|254.6|259.38|4.78|500000257280
2010|41|00600I00|217.74|218|.26|000I08421774
2010|41|00600I00|228.94|229.67|.73|000I08422894
2010|41|00600I00|276.07|278.64|2.57|000I08427607
2010|41|00600I00|297.11|298.68|1.57|000I08428843
2010|41|00600I00|313.42|317.59|4.17|000I08431342
2010|41|00600I00|327.15|327.43|.28|000I08432715
2010|41|00600I00|362.15|368.16|6.01|000I08436215
2010|41|00700I00|69.25|79.25|10|1000706925
2010|41|00700I00|101.11|104.62|3.51|1000710111
2010|41|00700I00|251.11|254.19|3.08|700000252250
2010|41|00900I00|115.6|115.7|.1|1000911560
2010|41|00900I00|137.54|137.64|.1|1000913754
2010|41|00900I00|139.28|139.38|.1|1000913928
2010|41|00900I00|206.81|208.38|1.57|1000920657
2010|41|00900I00|314.05|315.75|1.7|1000931405
2010|41|00900I00|330.29|331.07|.78|1000933029
2010|41|01000I00|47.58|54.61|7.03|1001004758
2010|41|01100I00|18.47|24.74|6.27|110000025340
2010|41|01100I00|24.8|28.47|3.67|110000025340
2010|41|01600I00|39.84|46.12|6.28|160000039850
2010|41|02500I00|.06|.16|.1|1002500006
2010|41|02600I00|54.42|55.42|1|1002605442
2010|41|02600I00|63.97|69.2|5.23|1002606820
2010|41|02800I00|17.06|22.52|5.46|280000018360
2010|41|02800I00|50.94|55.61|4.67|280000051210
2010|41|02800I00|94.75|97.18|2.43|X01000929700
2010|41|02800I00|98.3|98.82|.52|X01000929700
2010|41|03000I00|20.75|21.19|.44|1003002075
2010|41|03000I00|23.67|24.08|.41|1003002408
2010|41|03000I00|25.74|25.9|.16|1003002574
2010|41|03300I00|22.6|28.23|5.63|1003302260
2010|41|03300I00|31.14|34.35|3.21|1003303180
2010|41|03700I00|20.46|21.46|1|1003702046
2010|41|04100I00|45.49|50.03|4.54|410000048590
2010|41|04200I00|56.53|62.76|6.23|1004205604
2010|41|04500I00|4.11|5.78|1.67|1004500505
2010|41|04700I00|24|26.11|2.11|1004702456
2010|41|04700I00|41.2|42.2|1|1004704120
2010|41|04700I00|55.19|57.16|1.97|1004705519
2010|41|04700I00|70.92|71.17|.25|1004707092
2010|41|05200I00|.23|3.43|3.2|1005200023
2010|41|05200I00|76.63|76.77|.14|1005207458
2010|41|05300I00|69.32|70.45|1.13|1005306927
2010|41|05300I00|72|81.87|9.87|1005307822
2010|41|05300I00|106.99|110.75|3.76|1005310657
2010|41|06100I00|.34|.76|.42|000I40530011
2010|41|06100I00|3.52|4.21|.69|000I40530316
2010|41|06400I00|10.24|11.05|.81|000I20501024
2010|41|06400I00|14.58|16.2|1.62|000I20501458
2010|41|06400I00|20.31|20.63|.32|0I2050020450
2010|41|06400I00|24.63|24.88|.25|0I2050024630
2010|41|06600I00|11.29|14.88|3.59|1006601062
2010|41|06600I00|52.04|52.23|.19|1006605204
2010|41|06700I00|0|.26|.26|1006700000
2010|41|06900I00|10.05|11.66|1.61|1006901005
2010|41|07000I00|1|1.65|.65|000I08200100
2010|41|07000I00|1.65|1.85|.2|000I08200165
2010|41|07000I00|4.83|7.77|2.94|000I08200483
2010|41|07100I00|49.51|49.99|.48|1001304951
2010|41|07200I00|2.24|2.61|.37|7200224
2010|41|07200I00|4.36|4.52|.16|243170500180
2010|41|07200I00|7.14|7.52|.38|720007160
2010|41|08100I00|-5.75|-5.14|.61|0010081X0577
2010|41|08100I00|1.31|1.48|.17|1008100131
2010|41|08100I00|13|13.44|.44|1008101304
2010|41|09100D00|82.64|83.2|.56|1009108272
2010|41|09100D00|83.42|83.56|.14|1009108346
2010|41|09100I00|27.13|28.13|1|1009102713
2010|41|09100I00|59.14|60.14|1|1009105911
2010|41|09100I00|64.1|64.85|.75|1009106379
2010|41|09100I00|81.95|82.49|.54|10091082
2010|41|09100I00|125.48|125.81|.33|1009112548
2010|41|09200I00|46.8|46.97|.17|1009204680
2010|41|09200I00|46.97|47.2|.23|1009204697
2010|41|09200I00|47.2|47.34|.14|10092047
2010|41|09200I00|75.01|76.63|1.62|1009207498
2010|41|09200I00|95.12|95.22|.1|1009209512
2010|41|10200I00|2.14|2.64|.5|1010200214
2010|41|13800I00|3.88|4.7|.82|104006100368
2010|41|16100I00|26.41|27.04|.63|1016102641
2010|41|16100I00|27.15|28.77|1.62|1016102641
2010|41|16200I00|11.8|12.8|1|1016201180
2010|41|16200I00|39.63|43.73|4.1|1016204270
2010|41|16200I00|56.17|60.79|4.62|1016205454
2010|41|17100I00|4.07|4.36|.29|1017100382
2010|41|17300I00|3.76|5.49|1.73|1017300054
2010|41|18100I00|24.26|30.48|6.22|1018102668
2010|41|19100I00|14.66|16.79|2.13|1019101466
2010|41|21000I00|10.49|10.92|.43|1021000991
2010|41|21500I00|13.02|18.83|5.81|1021501302
2010|41|22600I00|13.75|14.07|.32|1022601379
2010|41|26000I00|12.99|17.78|4.79|10260001112
2010|41|01600I00|57|66.6|9.6|1001605700
2010|41|01700I00|19.49|19.66|.17|1017001949
2010|41|01800I00|64.27|69.41|5.14|1001806427
2010|41|02000I00|35.87|42.62|6.75|1002004068
2010|41|02100I00|1.28|1.38|.1|1002100126
2010|41|02100I00|1.56|1.66|.1|1002100154
2010|41|02100I00|4.53|5.53|1|1002100453
2010|41|02100I00|43.37|44.01|.64|1002104337
2010|41|02500I00|38.12|41.69|3.57|1002503812
2010|41|02700I00|15.95|20.11|4.16|270000015950
2010|41|02700I00|33.05|38.11|5.06|1002703480
2010|41|02800I00|.08|.22|.14|280000090
2010|41|02800I00|81.04|85.15|4.11|280000080030
2010|41|03100I00|.1|.15|.05|1003100010
2010|41|03500I00|13.22|14.22|1|1003501322
2010|41|03800I00|13.22|19.23|6.01|10038001322
2010|41|03900I00|10.27|11.27|1|1003901027
2010|41|04100I00|20.99|22.75|1.76|1004102099
2010|41|04100I00|73.52|75.01|1.49|1004106679
2010|41|04200I00|18.88|26.15|7.27|1004201888
2010|41|04200I00|27.93|34.39|6.46|1004202793
2010|41|04500I00|18.7|22.75|4.05|1004501910
2010|41|04700I00|37.51|38.51|1|1004703751
2010|41|04700I00|61.04|62.34|1.3|1004706168
2010|41|04700I00|68.34|69.19|.85|1004706811
2010|41|04700I00|70.22|70.7|.48|1004707022
2010|41|04800I00|2.19|5.29|3.1|1004800257
2010|41|04800I00|17.72|21.15|3.43|1004801772
2010|41|04800I00|40.38|49.26|8.88|480000043200
2010|41|04900I00|10.12|15.88|5.76|490000012090
2010|41|04900I00|81.39|90.02|8.63|1004908139
2010|41|05100I00|1.47|2.47|1|1005100147
2010|41|05800I00|7.57|8.57|1|1005800758
2010|41|06100I00|.76|.99|.23|000I40500076
2010|41|06100I00|3.12|3.52|.4|000I40530276
2010|41|06200I00|34.95|34.96|.01|1006203260
2010|41|06300I00|19|19.19|.19|1006301900
2010|41|06300I00|22.52|23.65|1.13|1006302252
2010|41|06400I00|9.31|10.24|.93|000I20529725
2010|41|06400I00|12.67|13.11|.44|000I20501267
2010|41|06400I00|16.2|16.57|.37|000I20501620
2010|41|06400I00|19.01|20.31|1.3|0I2050019010
2010|41|06600I00|1.65|1.75|.1|1006600165
2010|41|06600I00|52.23|52.63|.4|1006605262
2010|41|06700I00|5.02|6.02|1|1006700500
2010|41|06900I00|0|.7|.7|1006900000
2010|41|06900I00|9.3|10.05|.75|1006900947
2010|41|07200I00|2.61|3.34|.73|7200261
2010|41|07200I00|6.77|7.14|.37|1007200677
2010|41|07200I00|7.92|8.26|.34|1007200792
2010|41|09100D00|84.07|84.28|.21|1009108414
2010|41|09100I00|84.49|84.83|.34|1009108449
2010|41|09100I00|104.36|105.36|1|1009110432
2010|41|092AUI00|48.74|48.92|.18|92C000048740
2010|41|105AAI00|.87|1.34|.47|105AA0000087
2010|41|13800I00|73.67|81|7.33|104006107357
2010|41|14000I00|10.13|11.13|1|140000010130
2010|41|14400I00|2.48|3.02|.54|1014400248
2010|41|14400I00|4.27|4.95|.68|1014400427
2010|41|15000I00|17.78|17.88|.1|1015001778
2010|41|15000I00|18.69|18.79|.1|1015001872
2010|41|16200I00|47.71|50.94|3.23|1016204974
2010|41|17100I00|.23|.68|.45|1017100023
2010|41|17100I00|2.69|3.2|.51|1017100269
2010|41|17100I00|3.96|4.07|.11|1017100396
2010|41|18100I00|5.89|11.64|5.75|10181000589
2010|41|18100I00|11.74|13.65|1.91|10181000589
2010|41|19100I00|2.94|3.04|.1|1019100294
2010|41|19400I00|2.41|4.71|2.3|1019400241
2010|41|19400I00|6.23|6.8|.57|1019400621
2010|41|20000I00|10.08|11.64|1.56|1020001006
2010|41|21000I00|-.1|0|.1|0010210X0010
2010|41|21100I00|10.98|17.02|6.04|211000016020
2010|41|22700I00|.46|.89|.43|000I10519695
2010|41|22700I00|.89|1.96|1.07|000I10519554
2010|41|22700I00|1.96|3.48|1.52|000I10519421
2010|41|27000I00|0|2.29|2.29|1027000000
2010|41|27000I00|3.59|6.12|2.53|1027000359
2010|41|27000I00|8.45|12.48|4.03|1027000845
2010|41|27000I00|67.22|68.17|.95|1027006722
2010|41|27200I00|24.12|25.12|1|1027202412
2010|41|27200I00|33.58|33.8|.22|1027203358
2010|41|28100I00|17.16|18.2|1.04|1028101726
2010|41|33300I00|8.71|9.34|.63|1033300871
2010|41|39000I00|0|5.55|5.55|1039000000
2010|41|39000I00|14.62|23.33|8.71|10390001462
2010|41|44000I00|0|2.03|2.03|1044000000
2010|41|44000I00|28.88|38.36|9.48|1044002888
2010|41|44200I00|6.6|16.74|10.14|1044200660
2010|41|45500I00|6.55|10.62|4.07|1045500903
2010|41|45500I00|27.26|27.77|.51|1045502733
2010|41|00100I00|11.44|11.59|.15|000I00501145
2010|41|00100I00|19.1|21.2|2.1|000I00501910
2010|41|00100I00|21.2|23.19|1.99|000I00502120
2010|41|00100I00|26.09|27.27|1.18|000I00502609
2010|41|00100I00|40.83|43.31|2.48|000I00504083
2010|41|00100I00|43.31|43.77|.46|000I00504331
2010|41|00100I00|49.1|52.19|3.09|000I00504910
2010|41|00100I00|87.36|88.12|.76|000I00508736
2010|41|00100I00|90.22|95.82|5.6|000I00509022
2010|41|00100I00|99.13|99.53|.4|000I00509913
2010|41|00100I00|106.71|108|1.29|000I00510671
2010|41|00100I00|108|108.42|.42|000I00510800
2010|41|00100I00|120.6|121.18|.58|000I00512060
2010|41|00100I00|124.9|125.08|.18|000I00512490
2010|41|00100I00|125.08|125.24|.16|000I00512508
2010|41|00100I00|127.04|128.77|1.73|000I00512681
2010|41|00100I00|136.2|136.48|.28|000I00513620
2010|41|00100I00|136.66|137.15|.49|000I00513666
2010|41|00100I00|141.9|142.18|.28|000I00514190
2010|41|00100I00|160.14|161.71|1.57|000I00516014
2010|41|00100I00|162.39|162.99|.6|000I00516239
2010|41|00100I00|176.76|182.83|6.07|000I00517676
2010|41|00100I00|188.01|188.34|.33|000I00518785
2010|41|00100I00|188.34|188.95|.61|000I00518834
2010|41|00100I00|189.07|189.2|.13|000I00518907
2010|41|00100I00|192.52|192.87|.35|000I00519252
2010|41|00100I00|193.48|193.94|.46|000I00519348
2010|41|00100I00|193.94|195.45|1.51|000I00519394
2010|41|00100I00|228.09|230.09|2|000I00522809
2010|41|00100I00|230.09|231.55|1.46|000I00523009
2010|41|00100I00|238.61|239.67|1.06|000I00523829
2010|41|00100I00|239.67|240.2|.53|000I00523967
2010|41|00100I00|250.13|251.53|1.4|000I00525013
2010|41|00100I00|251.53|253.88|2.35|000I00525153
2010|41|00100I00|256.14|258.34|2.2|000I00525614
2010|41|00100I00|262.4|263.49|1.09|000I00526103
2010|41|00100I00|276.18|276.88|.7|000I00527618
2010|41|00100I00|276.88|277.71|.83|000I00527688
2010|41|00100I00|283.88|285.88|2|000I00528388
2010|41|00100I00|295.04|295.53|.49|000I00529504
2010|41|00100I00|299.56|300.28|.72|000I00529956
2010|41|00100I00|302.91|303.47|.56|000I00530291
2010|41|00100I00|304.93|305.44|.51|000I00530493
2010|41|00200I00|5.52|5.72|.2|1000200552
2010|41|00200I00|13.03|13.33|.3|000I08401303
2010|41|00200I00|31.39|35.15|3.76|000I08403177
2010|41|00200I00|36.44|36.63|.19|000I08403644
2010|41|00200I00|62.06|63.92|1.86|000I08406206
2010|41|00200I00|84.15|85.22|1.07|000I08408415
2010|41|00200I00|99.85|104.56|4.71|000I08409117
2010|41|00200I00|104.56|108.94|4.38|000I08410456
2010|41|00200I00|123.31|123.93|.62|000I08412331
2010|41|00200I00|151.75|158.37|6.62|000I08415175
2010|41|00200I00|165.76|166.23|.47|000I08416576
2010|41|00200I00|167.58|174.76|7.18|1000216758
2010|41|00300I00|6.7|7.39|.69|1000300713
2010|41|00400I00|199.06|200.38|1.32|X01000419906
2010|41|00400I00|282.87|291|8.13|1000428287
2010|41|00500I00|3.95|7.18|3.23|1000500398
2010|41|00500I00|49.29|49.41|.12|1000504532
2010|41|00500I00|57.57|58.21|.64|1000505757
2010|41|00500I00|199.61|203.02|3.41|500000201510
2010|41|00600I00|171.13|177.36|6.23|000I08417113
2010|41|00600I00|180.4|182.86|2.46|000I08418040
2010|41|00600I00|182.86|188.04|5.18|000I08418286
2010|41|00600I00|202.87|203.65|.78|000I08420287
2010|41|00600I00|218|224.36|6.36|000I08420905
2010|41|00600I00|226.76|228.94|2.18|000I08421808
2010|41|00600I00|252.83|253.41|.58|000I08424394
2010|41|00600I00|253.41|256.29|2.88|000I08425341
2010|41|00600I00|256.29|257.46|1.17|000I08425629
2010|41|00600I00|262.95|265.01|2.06|000I08425366
2010|41|00600I00|331.38|335.76|4.38|000I08432270
2010|41|00600I00|342.12|342.6|.48|000I08434212
2010|41|00700D00|245.71|246.41|.7|1000724571
2010|41|00700I00|62|69.25|7.25|1000706200
2010|41|00700I00|104.62|115.58|10.96|1000710462
2010|41|00700I00|193.21|195.73|2.52|1000718927
2010|41|00700I00|202.7|205.6|2.9|1000719573
2010|41|00900I00|3.9|4|.1|900000003900
2010|41|00900I00|97.7|98.01|.31|1000909790
2010|41|00900I00|148.4|149.4|1|1000914840
2010|41|00900I00|190.23|190.33|.1|1000919032
2010|41|00900I00|222.78|223.78|1|1000922278
2010|41|00900I00|229.27|230.27|1|1000922927
2010|41|00900I00|239.63|239.93|.3|1000923948
2010|41|00900I00|287.87|289.13|1.26|1000928787
2010|41|01000I00|17.75|19.73|1.98|1001001775
2010|41|01000I00|29.63|33|3.37|1001003154
2010|41|01000I00|58.87|64.64|5.77|1001005887
2010|41|01500I00|-.06|.58|.64|0010015X0006
2010|41|01500I00|41.01|41.16|.15|1001504134
2010|41|01600I00|74.81|75.81|1|1001607481
2010|41|01800I00|.67|1.67|1|1001800067
2010|41|01800I00|48.98|51.61|2.63|1001804898
2010|41|01800I00|69.41|75.3|5.89|1001806947
2010|41|02200I00|6.03|6.33|.3|1002200603
2010|41|02200I00|47.21|57.22|10.01|220000050320
2010|41|02500I00|3.59|4.44|.85|1002500359
2010|41|02600I00|-.1|.25|.35|1002600000
2010|41|02600I00|24.92|25.28|.36|1002602492
2010|41|02600I00|28.76|30.43|1.67|1002602876
2010|41|02600I00|33.4|34.4|1|1002603340
2010|41|02600I00|76|80.59|4.59|260000078480
2010|41|02700I00|20.84|27.52|6.68|270000025180
2010|41|02700I00|40.97|42.99|2.02|1002704097
2010|41|02800I00|23.65|32.63|8.98|280000023640
2010|41|03000D00|25.44|25.71|.27|0010030W2544
2010|41|03000I00|22.83|23.67|.84|1003002308
2010|41|03200I00|23.84|24.97|1.13|320000023840
2010|41|03500I00|38.08|39.04|.96|1003503965
2010|41|03500I00|40.53|40.68|.15|1003503965
2010|41|03500I00|49.97|52.32|2.35|1003505132
2010|41|03500I00|62.01|64.04|2.03|1003506200
2010|41|03500I00|71.13|72.13|1|1003507113
2010|41|03800I00|3.17|3.73|.56|1003800317
2010|41|04100I00|19.4|19.5|.1|1004101940
2010|41|04800I00|5.29|10.08|4.79|1004800430
2010|41|04900I00|26.28|30.04|3.76|1004902647
2010|41|05000I00|5.82|12.36|6.54|1005000582
2010|41|05200I00|49.45|53.91|4.46|520000050200
2010|41|05400I00|.1|1.1|1|1005400008
2010|41|05400I00|11.39|12.39|1|1005401139
2010|41|06100I00|2.58|2.68|.1|000I40530222
2010|41|06200I00|26.53|32.44|5.91|1006202710
2010|41|06400I00|17.79|19.01|1.22|000I20530573
2010|41|06400I00|22.88|23.63|.75|0I2050022880
2010|41|06600I00|.33|1.23|.9|1006600033
2010|41|06600I00|2.19|2.29|.1|1006600219
2010|41|06600I00|10.47|11.25|.78|1006601062
2010|41|06900I00|1.28|2.32|1.04|1006900128
2010|41|06900I00|7.16|8.47|1.31|1006900716
2010|41|06900I00|8.47|9.3|.83|1006900847
2010|41|07000I00|.76|1|.24|000I08200076
2010|41|07100I00|49.99|50.83|.84|1001304543
2010|41|07200I00|0|.43|.43|7200000
2010|41|07200I00|1.54|2.24|.7|7200154
2010|41|07200I00|5.43|5.53|.1|243170500081
2010|41|08100I00|5.38|5.46|.08|1008100538
2010|41|08100I00|22.51|22.89|.38|1008102251
2010|41|08100I00|29.87|30.87|1|1008102996
2010|41|09100I00|12.66|14.67|2.01|910013320
2010|41|09100I00|47.52|48.52|1|1009104752
2010|41|09100I00|85.94|86.38|.44|1009108608
2010|41|09100I00|118.46|119.11|.65|1009111885
2010|41|09100I00|120.97|121.14|.17|1009112097
2010|41|09100I00|121.14|121.7|.56|1009112114
2010|41|14000I00|17.92|18.38|.46|1014001794
2010|41|14000I00|18.52|19.02|.5|X01014001852
2010|41|14000I00|22.19|23.46|1.27|1014002188
2010|41|14000I00|28.11|29.54|1.43|1014002854
2010|41|14000I00|37.87|37.97|.1|1014003787
2010|41|16000I00|0|.14|.14|1016000000
2010|41|16200I00|1.42|1.91|.49|1016200170
2010|41|16200I00|6.67|8.93|2.26|1016200667
2010|41|17100I00|.09|.23|.14|1017100009
2010|41|19100I00|2.13|2.55|.42|1019100213
2010|41|19100I00|4.28|4.83|.55|X01019100428
2010|41|19100I00|25.48|30.87|5.39|1019102987
2010|41|21000I00|.34|1.2|.86|1021000034
2010|41|21000I00|10.12|10.38|.26|1021000991
2010|41|22700I00|.22|.46|.24|000I10500018
2010|41|22700I00|6.09|7.19|1.1|1022700612
2010|41|22700I00|9.05|9.97|.92|1022700949
2010|41|22800I00|.36|.64|.28|1022800036
2010|41|27000I00|29.25|31.48|2.23|1027002811
2010|41|27000I00|32.25|33.81|1.56|1027003225
2010|41|27200I00|13.79|18|4.21|272000015270
2010|41|27300I00|7.62|12.42|4.8|10273000762
2010|41|30000I00|54.86|61.72|6.86|10300005486
2010|41|32100I00|14.78|19.36|4.58|321000018360
2010|41|37000I00|16.8|17.67|.87|1037001680
2010|41|44200I00|22.34|28.08|5.74|442000024030
2010|41|44200I00|48.25|51.83|3.58|442000050670
2010|41|45600I00|86.22|87.22|1|1045608622
2010|41|00100I00|14.96|16.6|1.64|000I00501496
2010|41|00100I00|18.72|19.1|.38|000I00501872
2010|41|00100I00|24.4|26.09|1.69|000I00502440
2010|41|00100I00|52.19|55.46|3.27|000I00505219
2010|41|00100I00|79.22|79.29|.07|000I00507922
2010|41|00100I00|80.33|80.83|.5|000I00508033
2010|41|00100I00|83.11|86.14|3.03|000I00508311
2010|41|00100I00|88.12|90.22|2.1|000I00508812
2010|41|00100I00|99.53|101.33|1.8|000I00509953
2010|41|00100I00|122.31|122.81|.5|000I00512234
2010|41|00100I00|124.14|124.47|.33|000I00512414
2010|41|00100I00|131.47|134.72|3.25|000I00513147
2010|41|00100I00|136.48|136.66|.18|000I00513648
2010|41|00100I00|137.15|138.36|1.21|000I00513736
2010|41|00100I00|139.97|140.53|.56|000I00513997
2010|41|00100I00|162.99|163.49|.5|000I00516299
2010|41|00100I00|172.41|172.71|.3|000I00517241
2010|41|00100I00|186.17|188.01|1.84|000I00518617
2010|41|00100I00|189.65|190.03|.38|000I00518965
2010|41|00100I00|197.4|199.15|1.75|000I00519738
2010|41|00100I00|231.55|233.23|1.68|000I00523155
2010|41|00100I00|240.2|240.33|.13|000I00524020
2010|41|00100I00|240.33|240.66|.33|000I00524033
2010|41|00100I00|272.87|275.84|2.97|000I00527287
2010|41|00100I00|275.84|276.18|.34|000I00527584
2010|41|00100I00|280.81|281.33|.52|000I00528081
2010|41|00100I00|282.65|282.99|.34|000I00528265
2010|41|00100I00|292.91|293.13|.22|000I00529291
2010|41|00100I00|299.23|299.56|.33|000I00529923
2010|41|00100I00|307.71|307.97|.26|000I00530770
2010|41|00200I00|.29|.66|.37|1000200001
2010|41|00200I00|5.03|5.52|.49|1000200501
2010|41|00200I00|6.18|6.25|.07|1000200618
2010|41|00200I00|6.25|6.73|.48|1000200625
2010|41|00200I00|13.33|14.05|.72|000I08400465
2010|41|00200I00|35.84|36.22|.38|000I08402716
2010|41|00200I00|37.65|40.27|2.62|000I08403760
2010|41|00200I00|40.83|41.05|.22|000I08403215
2010|41|00200I00|47.53|50.99|3.46|000I08404753
2010|41|00200I00|67.72|69.84|2.12|000I08405896
2010|41|00200I00|85.22|85.51|.29|000I08407654
2010|41|00200I00|87.79|88.48|.69|000I08408779
2010|41|00200I00|88.48|88.83|.35|000I08407980
2010|41|00200I00|95.91|97.14|1.23|000I08409591
2010|41|00200I00|97.14|99.85|2.71|000I08409714
2010|41|00200I00|128.76|129.04|.28|000I08412876
2010|41|00200I00|147.35|149.5|2.15|000I08414735
2010|41|00200I00|149.5|151.75|2.25|000I08414082
2010|41|00200I00|159.3|163.5|4.2|000I08415930
2010|41|00200I00|163.5|164.16|.66|000I08416350
2010|41|00200I00|164.16|165.76|1.6|000I08416416
2010|41|00200I00|166.23|167.58|1.35|000I08415755
2010|41|00200I00|184.87|185.87|1|1000218480
2010|41|00400I00|39.33|42.61|3.28|1000403933
2010|41|00400I00|46.08|56.08|10|1000405000
2010|41|00400I00|74.83|78.53|3.7|1000407561
2010|41|00400I00|97.29|98.29|1|1000409720
2010|41|00400I00|121.46|121.98|.52|1000412178
2010|41|00400I00|134.11|134.6|.49|1000413411
2010|41|00400I00|134.6|134.93|.33|1000413460
2010|41|00400I00|137|138.11|1.11|1004013700
2010|41|00400I00|140.52|140.87|.35|1000414069
2010|41|00400I00|213.09|219.89|6.8|1000421326
2010|41|00400I00|252.49|254.34|1.85|1000425334
2010|41|00500I00|62.58|69.07|6.49|500000065810
2010|41|00500I00|105.26|105.4|.14|1000510564
2010|41|00500I00|134.39|141.34|6.95|1000513448
2010|41|00500I00|160.43|161.97|1.54|1000516190
2010|41|00500I00|164.89|169.01|4.12|500000168010
2010|41|00500I00|177.14|179.49|2.35|X01000517714
2010|41|00500I00|183.25|190.67|7.42|1000518197
2010|41|00600I00|177.36|177.98|.62|000I08416868
2010|41|00600I00|207.47|209.54|2.07|000I08420747
2010|41|00600I00|211.54|213.06|1.52|000I08420242
2010|41|00600I00|213.06|213.32|.26|000I08421306
2010|41|00600I00|229.67|233.95|4.28|000I08422099
2010|41|00600I00|257.46|259.22|1.76|000I08425746
2010|41|00600I00|283.64|285.33|1.69|000I08428364
2010|41|00600I00|285.33|285.68|.35|000I08427665
2010|41|00600I00|286.2|290.03|3.83|000I08427752
2010|41|00600I00|323.18|324.6|1.42|000I08431450
2010|41|00600I00|340.42|342.12|1.7|000I08434042
2010|41|00600I00|352|353.04|1.04|000I08434332
2010|41|00600I00|353.04|353.41|.37|000I08435304
2010|41|00700I00|.94|1.54|.6|1000700111
2010|41|00700I00|83.79|91.27|7.48|1000708379
2010|41|00700I00|160.85|165.6|4.75|1000716120
2010|41|00700I00|195.73|202.63|6.9|1000719573
2010|41|00700I00|229.98|237.23|7.25|1000723828
2010|41|00700I00|246.82|251.11|4.29|1000724679
2010|41|00800I00|6.19|9.06|2.87|1000800619
2010|41|00800I00|31.92|32.77|.85|1000803192
2010|41|00900I00|91.37|92.02|.65|1000909137
2010|41|00900I00|95.33|96.15|.82|1000909631
2010|41|00900I00|114.91|115.34|.43|1000911491
2010|41|00900I00|139.99|140.09|.1|1000913999
2010|41|00900I00|145.64|145.74|.1|1000914565
2010|41|00900I00|198.58|202.69|4.11|1000919858
2010|41|00900I00|252.65|253.65|1|1000925270
2010|41|00900I00|326.47|327.49|1.02|1000932640
2010|41|01000I00|68.59|71.42|2.83|1001007107
2010|41|01200I00|4.53|7.46|2.93|1001200481
2010|41|01600I00|14.03|14.13|.1|1001601403
2010|41|01800I00|19.12|20.12|1|1001801912
2010|41|01800I00|58.9|61.74|2.84|1001805890
2010|41|01900I00|2.31|8.26|5.95|1001900231
2010|41|02000I00|71.66|81.79|10.13|1002007166
2010|41|02000I00|81.79|82.02|.23|1002008553
2010|41|02000I00|93.91|95.78|1.87|200000094780
2010|41|02200I00|.69|.89|.2|1002200069
2010|41|02200I00|3.65|4.23|.58|1002200365
2010|41|02200I00|6.33|7.15|.82|1002200633
2010|41|02200I00|11.92|12.92|1|1002201193
2010|41|02500I00|.44|.54|.1|1002500044
2010|41|02500I00|.68|.78|.1|250000000680
2010|41|02500I00|6.58|7.58|1|1002500658
2010|41|02500I00|9.33|10.33|1|1002500933
2010|41|02600I00|1|1.15|.15|261002600035
2010|41|02600I00|22.48|22.74|.26|1002602248
2010|41|02900I00|15.9|16.13|.23|1002901599
2010|41|03000D00|25.71|25.96|.25|0010030W2565
2010|41|03000I00|.29|1.29|1|1003000028
2010|41|03000I00|5.86|6.62|.76|1003000588
2010|41|03000I00|16.14|16.17|.03|1003001612
2010|41|03000I00|22.04|22.83|.79|1003002204
2010|41|03000I00|25.43|25.74|.31|1003002565
2010|41|03500I00|31.14|37.53|6.39|1003503114
2010|41|03900I00|34.11|35.62|1.51|1003903411
2010|41|04100I00|.87|1.37|.5|1004100087
2010|41|04100I00|96.89|98.36|1.47|1004109689
2010|41|04500I00|34.58|35.62|1.04|1004503470
2010|41|04500I00|50.98|51.74|.76|1004505120
2010|41|04500I00|53.91|56.17|2.26|1004505411
2010|41|04700D00|73.31|73.44|.13|0010047W7331
2010|41|04700I00|27.85|29.41|1.56|1004702773
2010|41|04700I00|67.14|68.34|1.2|1004706612
2010|41|04700I00|73.44|73.75|.31|1004707344
2010|41|05200I00|72.7|76.6|3.9|1005207458
2010|41|05400I00|4.84|4.94|.1|540004840
2010|41|06100I00|1.62|2.2|.58|000I40500162
2010|41|06300I00|9.79|10.58|.79|1006300999
2010|41|06400I00|1.27|2.12|.85|000I20528921
2010|41|06400I00|21.59|22.61|1.02|0I2050002159
2010|41|06900I00|5.62|6.18|.56|1006900562
2010|41|07200I00|8.26|8.48|.22|1007200826
2010|41|072ACI00|4.79|4.89|.1|244080100000
2010|41|08100I00|28.86|29.72|.86|1008102886
2010|41|09100I00|22.88|23.04|.16|910022880
2010|41|09100I00|43|43.35|.35|1009104089
2010|41|09100I00|70.67|72.33|1.66|1009107233
2010|41|09100I00|79.77|81.09|1.32|1009108094
2010|41|09100I00|83.93|84.1|.17|1009108391
2010|41|09100I00|84.83|84.93|.1|1009108483
2010|41|09100I00|121.7|121.86|.16|1009112170
2010|41|09200I00|4.52|5.23|.71|1009200432
2010|41|09200I00|27.94|28.04|.1|1009202794
2010|41|09200I00|47.34|48.13|.79|1009204783
2010|41|10500I00|0|.38|.38|1010500000
2010|41|12300I00|6.65|7.76|1.11|123000757000
2010|41|14300I00|9.03|9.13|.1|1014300900
2010|41|14400I00|0|.91|.91|1014400000
2010|41|14400I00|1.76|2.48|.72|1014400176
2010|41|14400I00|6.69|7.06|.37|1014400669
2010|41|16000I00|4.37|5.73|1.36|1016000437
2010|41|18100I00|22.97|23.69|.72|1018102310
2010|41|19100I00|3.86|3.96|.1|1019100385
2010|41|19400I00|6.8|7.02|.22|1019400680
2010|41|21000I00|14.03|15.36|1.33|1021001403
2010|41|21100I00|.73|1.73|1|1021100073
2010|41|21500I00|.19|4.75|4.56|1021500335
2010|41|22700I00|7.19|9.05|1.86|1022700716
2010|41|27200I00|30.52|31.09|.57|1027203041
2010|41|28100I00|.78|1.17|.39|1028100078
2010|41|29000I00|14.73|21.31|6.58|10290001473
2010|41|32100I00|8.42|11.44|3.02|1032100842
2010|41|33000I00|21.19|26.6|5.41|1033002380
2010|41|34100I00|9.9|19.19|9.29|1034101000
2010|41|35100I00|.84|6.51|5.67|1035100084
2010|41|44000I00|6.11|16.23|10.12|440000006280
2010|41|44000I00|68.56|73.35|4.79|440000068710
2010|41|44200I00|37.79|48.25|10.46|1044203779
2010|41|45100I00|.03|1.03|1|1045100000
2010|41|45600I00|59.38|66.18|6.8|1045605939
2010|41|45600I00|66.18|74.01|7.83|1045606618
2010|41|00100I00|0|.75|.75|000I00500000
2010|41|00100I00|13.12|14.17|1.05|000I00501322
2010|41|00100I00|27.58|28.95|1.37|000I00502758
2010|41|00100I00|28.95|30.29|1.34|000I00502894
2010|41|00100I00|35.62|40.83|5.21|000I00503565
2010|41|00100I00|45.93|48.82|2.89|000I00504593
2010|41|00100I00|75.69|75.83|.14|000I00507569
2010|41|00100I00|75.83|76.78|.95|000I00507583
2010|41|00100I00|79.29|80.33|1.04|000I00507929
2010|41|00100I00|98.28|99.13|.85|000I00509828
2010|41|00100I00|101.89|103.95|2.06|000I00510189
2010|41|00100I00|112.5|112.68|.18|000I00511250
2010|41|00100I00|113.44|115.6|2.16|000I00511344
2010|41|00100I00|124.47|124.9|.43|000I00512447
2010|41|00100I00|129.32|131.47|2.15|000I00512932
2010|41|00100I00|141|141.9|.9|000I00514071
2010|41|00100I00|146.28|148.42|2.14|000I00514628
2010|41|00100I00|190.74|191.89|1.15|000I00519074
2010|41|00100I00|243.53|244.46|.93|000I00524353
2010|41|00100I00|263.49|270.78|7.29|000I00526349
2010|41|00100I00|271.85|272.87|1.02|000I00527185
2010|41|00100I00|277.71|278.32|.61|000I00527771
2010|41|00100I00|286.18|286.47|.29|000I00528618
2010|41|00100I00|286.47|287.42|.95|000I00528647
2010|41|00100I00|292.2|292.77|.57|000I00529220
2010|41|00100I00|293.32|293.43|.11|000I00529332
2010|41|00100I00|302.68|302.91|.23|000I00530268
2010|41|00100I00|303.88|304.5|.62|000I00530388
2010|41|00100IZ1|11.44|11.47|.03|000I005Z1146
2010|41|00200I00|1.21|1.33|.12|1000200121
2010|41|00200I00|2.35|2.55|.2|1000200235
2010|41|00200I00|7.32|7.37|.05|000I08400031
2010|41|00200I00|27.86|31.39|3.53|000I08402786
2010|41|00200I00|61.14|62.06|.92|000I08406114
2010|41|00200I00|81.39|82.08|.69|000I08408139
2010|41|00200I00|85.51|87.01|1.5|000I08408551
2010|41|00200I00|123.93|125.5|1.57|000I08411525
2010|41|00200I00|130.87|131.5|.63|000I08413087
2010|41|00200I00|136.95|137.35|.4|000I08413695
2010|41|00200I00|158.37|159.07|.7|000I08414969
2010|41|00200I00|178.7|181.74|3.04|1000217870
2010|41|00200I00|182.56|183.56|1|1000218256
2010|41|00300I00|6.38|6.56|.18|30006430
2010|41|00400I00|.98|1.08|.1|1000400096
2010|41|00400I00|30.14|33.09|2.95|400000030140
2010|41|00400I00|69.74|74.26|4.52|1000407131
2010|41|00400I00|130.18|131.18|1|1000413018
2010|41|00400I00|227.76|236|8.24|1000422777
2010|41|00400I00|247.54|249.08|1.54|1000424915
2010|41|00400I00|257.7|259.85|2.15|1000425770
2010|41|00400I00|275.48|275.58|.1|1000427548
2010|41|00500I00|131.14|133|1.86|1000513114
2010|41|00500I00|175.58|177.14|1.56|500000175590
2010|41|00500I00|230.7|240.07|9.37|1000523123
2010|41|00600I00|179.43|180.4|.97|000I08417943
2010|41|00600I00|188.83|193.53|4.7|000I08418883
2010|41|00600I00|193.53|198.54|5.01|000I08419353
2010|41|00600I00|199.53|202.87|3.34|000I08419953
2010|41|00600I00|210.96|211.54|.58|000I08421096
2010|41|00600I00|216.04|217.74|1.7|000I08421604
2010|41|00600I00|224.36|226.76|2.4|000I08422436
2010|41|00600I00|243.99|248.94|4.95|000I08423531
2010|41|00600I00|290.03|297.11|7.08|000I08428135
2010|41|00600I00|371.45|374.4|2.95|000I08437145
2010|41|00700I00|18.01|20.4|2.39|1000701513
2010|41|00700I00|91.27|101.11|9.84|1000709127
2010|41|00700I00|238.28|239.28|1|1000723828
2010|41|00700I00|240.63|245.71|5.08|1000724063
2010|41|00900I00|5.31|6.31|1|1000900531
2010|41|00900I00|48.53|49.57|1.04|1000904873
2010|41|00900I00|88.35|89.77|1.42|1000908835
2010|41|00900I00|92.21|92.9|.69|1000909137
2010|41|00900I00|164.31|166.26|1.95|1000916526
2010|41|00900I00|196.71|198.09|1.38|1000919671
2010|41|00900I00|331.07|332.9|1.83|1000931070
2010|41|01000I00|8.37|10.95|2.58|1001000973
2010|41|01000I00|20.73|22.35|1.62|1001002073
2010|41|01200I00|42.27|43.27|1|1001204227
2010|41|01500I00|11.83|14.2|2.37|1001501173
2010|41|01500I00|50.34|54.97|4.63|1001505430
2010|41|01600I00|18.13|19.13|1|1001601813
2010|41|01600I00|22.04|23.04|1|1001602205
2010|41|01600I00|46.14|56.57|10.43|1001604614
2010|41|01600I00|71.5|74.81|3.31|1001607185
2010|41|01900I00|23.16|29.24|6.08|1001902319
2010|41|01900I00|80.64|90.64|10|190000080640
2010|41|02000I00|25.68|33|7.32|1002002568
2010|41|02000I00|63.39|64.39|1|1002006339
2010|41|02100I00|1.86|1.96|.1|1002100188
2010|41|02100I00|13.66|17.73|4.07|210000013660
2010|41|02600I00|23.87|24.4|.53|1002602387
2010|41|02600I00|57.52|57.82|.3|1002605752
2010|41|02600I00|59.86|63.5|3.64|1002605986
2010|41|02800I00|71.55|77.28|5.73|280000074590
2010|41|03000D00|25.96|26.18|.22|0010030W2596
2010|41|03000I00|6.62|8.58|1.96|1003000766
2010|41|03000I00|11.79|12.72|.93|1003001177
2010|41|03000I00|21.19|22.04|.85|1003002119
2010|41|03000I00|24.91|25.43|.52|1003002472
2010|41|03000I00|25.9|26.14|.24|1003002590
2010|41|03100I00|9.87|9.98|.11|1003100973
2010|41|03300I00|0|.1|.1|1003300000
2010|41|03900I00|26.77|27.77|1|1003902677
2010|41|03900I00|49.91|50.91|1|1003904991
2010|41|04100I00|28.11|31.14|3.03|1004102818
2010|41|04100I00|77.54|87.49|9.95|1004107754
2010|41|04200I00|4.07|4.46|.39|1004200592
2010|41|04200I00|4.59|7.5|2.91|1004200592
2010|41|04200I00|62.76|68.66|5.9|1004205966
2010|41|04700I00|14|15.12|1.12|1004701391
2010|41|04700I00|65.79|67.14|1.35|1004706454
2010|41|04700I00|70.7|70.92|.22|1004707070
2010|41|04700I00|71.41|72.18|.77|1004707141
2010|41|04700I00|72.42|73.31|.89|1004707242
2010|41|04700I00|73.31|73.44|.13|1004707331
2010|41|04800I00|10.3|15.52|5.22|1004801030
2010|41|04900I00|37.28|42.31|5.03|1004903728
2010|41|05000I00|-4.46|-4.36|.1|0010050X0446
2010|41|05000I00|14.36|16.01|1.65|1005001436
2010|41|05000I00|24.11|25.25|1.14|1005002423
2010|41|05200I00|8.44|15.4|6.96|520000011920
2010|41|05200I00|28.34|28.75|.41|1005202834
2010|41|05200I00|44.77|45.38|.61|1005204477
2010|41|05300I00|66.37|68.4|2.03|1005306681
2010|41|05800I00|29.09|29.51|.42|1005802906
2010|41|06100I00|1.17|1.62|.45|000I40530077
2010|41|06300D00|11.68|11.96|.28|1006301168
2010|41|06300I00|21.27|21.87|.6|1006302127
2010|41|06300I00|21.87|21.96|.09|1006302187
2010|41|06400I00|2.12|3.16|1.04|000I20500212
2010|41|06400I00|16.83|17.79|.96|000I20501683
2010|41|06400I00|21.48|21.59|.11|0I2050002148
2010|41|06400I00|24.88|25.65|.77|0I2050024880
2010|41|06900I00|3.1|4.01|.91|1006900310
2010|41|06900I00|11.66|12.78|1.12|1006901166
2010|41|06900I00|12.78|13|.22|1006901276
2010|41|07100I00|21.17|24.69|3.52|1099900079
2010|41|07100I00|35.23|41.85|6.62|1007103523
2010|41|07200I00|.43|1.54|1.11|7200043
2010|41|07200I00|5.17|5.25|.08|720000517
2010|41|07200I00|7.52|7.92|.4|720000007690
2010|41|08100I00|22.03|22.51|.48|1008102203
2010|41|09100I00|8.65|8.82|.17|1009100865
2010|41|09100I00|18.76|19.86|1.1|1009101933
2010|41|09100I00|24.58|25.35|.77|1009102449
2010|41|09100I00|65.27|66.27|1|1009106527
2010|41|09100I00|84.12|84.26|.14|1009108409
2010|41|09100I00|116.74|117.04|.3|1009111674
2010|41|09200I00|.95|1.48|.53|000I50530272
2010|41|10400I00|2.37|3.13|.76|10010400237
2010|41|12300I00|5.15|5.25|.1|1230005150
2010|41|14000I00|19.02|19.33|.31|1014001908
2010|41|14400I00|.91|1.76|.85|1014400091
2010|41|15100I00|0|.49|.49|1015100000
2010|41|16200I00|23.23|24.23|1|1016202328
2010|41|16200I00|33.61|34.61|1|1016203361
2010|41|17100I00|3.2|3.96|.76|1017100320
2010|41|18000I00|6.06|10.92|4.86|10180000606
2010|41|21000I00|17.11|17.21|.1|1021001711
2010|41|22700I00|0|.22|.22|000I10519715
2010|41|24200I00|0|1.81|1.81|10242000000
2010|41|27000I00|2.29|3.11|.82|1027000301
2010|41|27000I00|14.76|18.3|3.54|1027001544
2010|41|27000I00|57.15|63.96|6.81|1027005870
2010|41|27000I00|63.96|64.73|.77|1027006459
2010|41|27000I00|65.56|65.91|.35|X01027006556
2010|41|41500I00|21.13|28.96|7.83|10415002113
2010|41|44000I00|43.3|53.3|10|440000004680
2010|41|44200I00|73.06|83.06|10|1044207300
