﻿<?xml version="1.0"?>
<doc>
<assembly>
<name>
Sign_Broker
</name>
</assembly>
<members>
<member name="P:Sign_Broker.My.Resources.Images.ResourceManager">
	<summary>
  Returns the cached ResourceManager instance used by this class.
</summary>
</member><member name="P:Sign_Broker.My.Resources.Images.Culture">
	<summary>
  Overrides the current thread's CurrentUICulture property for all
  resource lookups using this strongly typed resource class.
</summary>
</member><member name="P:Sign_Broker.My.Resources.Images.odot_logo">
	<summary>
  Looks up a localized resource of type System.Drawing.Bitmap.
</summary>
</member><member name="T:Sign_Broker.My.Resources.Images">
	<summary>
  A strongly-typed resource class, for looking up localized strings, etc.
</summary>
</member><member name="P:Sign_Broker.My.Resources.strings.ResourceManager">
	<summary>
  Returns the cached ResourceManager instance used by this class.
</summary>
</member><member name="P:Sign_Broker.My.Resources.strings.Culture">
	<summary>
  Overrides the current thread's CurrentUICulture property for all
  resource lookups using this strongly typed resource class.
</summary>
</member><member name="P:Sign_Broker.My.Resources.strings.CONTACT_ADMIN">
	<summary>
  Looks up a localized string similar to contact your systems administrator. .
</summary>
</member><member name="P:Sign_Broker.My.Resources.strings.ERROR_DETAILS">
	<summary>
  Looks up a localized string similar to Below are the technical details for the issue: .
</summary>
</member><member name="P:Sign_Broker.My.Resources.strings.ERROR_ORA_CONFIG">
	<summary>
  Looks up a localized string similar to The Database Configuration File could not be found.  Please .
</summary>
</member><member name="P:Sign_Broker.My.Resources.strings.ERROR_ORA_CONFIG_EX">
	<summary>
  Looks up a localized string similar to The ora_connect.xml  file needs to be created by the broker Systems Administrator..
</summary>
</member><member name="P:Sign_Broker.My.Resources.strings.ERROR_SFA_NOT_FOUND">
	<summary>
  Looks up a localized string similar to SFA Access Databases Not Found.
</summary>
</member><member name="P:Sign_Broker.My.Resources.strings.ERROR_SFA_NOT_FOUND_EX">
	<summary>
  Looks up a localized string similar to The SFA MDB paths in the configuration need to be checked..
</summary>
</member><member name="P:Sign_Broker.My.Resources.strings.ERROR_SFA_NOT_INI">
	<summary>
  Looks up a localized string similar to SFA Access Database Internal Error.
</summary>
</member><member name="P:Sign_Broker.My.Resources.strings.ERROR_SFA_NOT_INI_EX">
	<summary>
  Looks up a localized string similar to Please ensure the signs field app can be run, then try the broker again.  .
</summary>
</member><member name="P:Sign_Broker.My.Resources.strings.ERROR_SFA_VERSION_NOT_FOUND">
	<summary>
  Looks up a localized string similar to An acceptable Broker Version Number could not be found in the SFA database.  
•Please Close the Broker.  
•Then ensure that you have a network connection to the ODOT network. 
•Once you have confirmed the network connection, please restart the Broker from the shortcut provided by your systems administrator. 
 If the issue persists, then .
</summary>
</member><member name="P:Sign_Broker.My.Resources.strings.ERROR_SFA_VERSION_NOT_FOUND_EX">
	<summary>
  Looks up a localized string similar to Version Control Mismatch..
</summary>
</member><member name="P:Sign_Broker.My.Resources.strings.INFO_SYNC_COMPLETED">
	<summary>
  Looks up a localized string similar to Sync Process Complete.
</summary>
</member><member name="P:Sign_Broker.My.Resources.strings.TASK_LOV">
	<summary>
  Looks up a localized string similar to TI to SFA Lookup Lists.
</summary>
</member><member name="P:Sign_Broker.My.Resources.strings.TASK_POPULATING_TASKS">
	<summary>
  Looks up a localized string similar to Populating the Task List.
</summary>
</member><member name="P:Sign_Broker.My.Resources.strings.TASK_SFA_ITEMS">
	<summary>
  Looks up a localized string similar to SFA Changes to Sync to TI.
</summary>
</member><member name="P:Sign_Broker.My.Resources.strings.TASK_TI_ITEMS">
	<summary>
  Looks up a localized string similar to TI to SFA Install Items to Sync.
</summary>
</member><member name="P:Sign_Broker.My.Resources.strings.TI_CONNECT_ERROR">
	<summary>
  Looks up a localized string similar to Unable to connect to TransInfo, Please check your network connection and try again.  If the issue continues then .
</summary>
</member><member name="P:Sign_Broker.My.Resources.strings.TI_CONNECTING">
	<summary>
  Looks up a localized string similar to Attempting to connect to TransInfo.  Please Wait..
</summary>
</member><member name="P:Sign_Broker.My.Resources.strings.UNHANDLED">
	<summary>
  Looks up a localized string similar to An unhandled fatal issue occurred, please .
</summary>
</member><member name="T:Sign_Broker.My.Resources.strings">
	<summary>
  A strongly-typed resource class, for looking up localized strings, etc.
</summary>
</member><member name="P:Sign_Broker.My.Resources.Resources.ResourceManager">
	<summary>
  Returns the cached ResourceManager instance used by this class.
</summary>
</member><member name="P:Sign_Broker.My.Resources.Resources.Culture">
	<summary>
  Overrides the current thread's CurrentUICulture property for all
  resource lookups using this strongly typed resource class.
</summary>
</member><member name="P:Sign_Broker.My.Resources.Resources.DeleteLightSetup">
	<summary>
  Looks up a localized resource of type System.Drawing.Bitmap.
</summary>
</member><member name="P:Sign_Broker.My.Resources.Resources.LightOff">
	<summary>
  Looks up a localized resource of type System.Drawing.Bitmap.
</summary>
</member><member name="P:Sign_Broker.My.Resources.Resources.PlaceLight">
	<summary>
  Looks up a localized resource of type System.Drawing.Bitmap.
</summary>
</member><member name="T:Sign_Broker.My.Resources.Resources">
	<summary>
  A strongly-typed resource class, for looking up localized strings, etc.
</summary>
</member>
</members>
</doc>